time,lt,rt,rb,w,x,y,z
1541856096881,0,0,0,0.9292213,0.36485207,0.012408629,-0.05724418
1541856096899,0,0,0,0.92922777,0.3629493,0.012886084,-0.068100154
1541856096923,0,0,0,0.9302315,0.36080554,0.012796966,-0.06576413
1541856096946,0,0,0,0.931296,0.3594865,0.01345078,-0.057239234
1541856096962,0,0,0,0.9316114,0.35924715,0.013393254,-0.05350226
1541856096980,0,0,0,0.93158305,0.3598113,0.014545003,-0.04977435
1541856097001,0,0,0,0.93160707,0.3600154,0.016520992,-0.047162056
1541856097018,0,0,0,0.93195266,0.3593052,0.018125387,-0.0451169
1541856097039,0,0,0,0.932386,0.35829523,0.017699195,-0.04435879
1541856097061,0,0,0,0.9330007,0.35714585,0.017370876,-0.040679395
1541856097081,0,0,0,0.93358916,0.35612518,0.017376624,-0.035835564
1541856097113,0,0,0,0.9339631,0.35536158,0.016212728,-0.034178853
1541856097118,0,0,0,0.93428224,0.35480714,0.016086185,-0.031142354
1541856097145,0,0,0,0.9343737,0.3546775,0.016131591,-0.029824734
1541856097158,0,0,0,0.9341615,0.3549991,0.014805967,-0.033147395
1541856097179,0,0,0,0.9339565,0.35529566,0.013633446,-0.036117733
1541856097212,0,0,0,0.93383527,0.35530654,0.012375067,-0.039443552
1541856097218,0,0,0,0.93362874,0.35548252,0.010580307,-0.04309994
1541856097244,0,0,0,0.9332572,0.35592866,0.008145905,-0.04774517
1541856097259,0,0,0,0.9327822,0.35704753,0.0071387663,-0.048822045
1541856097296,0,0,0,0.9323467,0.35817412,0.00690034,-0.04892367
1541856097301,0,0,0,0.93201417,0.3589858,0.0067589986,-0.049328446
1541856097329,0,0,0,0.93184996,0.35931933,0.006584813,-0.050019205
1541856097339,0,0,0,0.93186086,0.35962358,0.0076383995,-0.04741192
1541856097361,0,0,0,0.93210346,0.3591307,0.009043922,-0.04611379
1541856097392,0,0,0,0.9319524,0.35957074,0.009083994,-0.04572761
1541856097410,0,0,0,0.931139,0.36199814,0.008689993,-0.043153226
1541856097419,0,0,0,0.9296455,0.36586326,0.007784595,-0.042928576
1541856097440,0,0,0,0.92913574,0.36627698,0.00898319,-0.049672365
1541856097460,0,0,0,0.92888784,0.3651847,0.011645887,-0.060596466
1541856097483,0,0,0,0.9273905,0.3677625,0.013342506,-0.06722808
1541856097500,0,0,0,0.9253701,0.37303272,0.014207593,-0.06584096
1541856097519,0,0,0,0.9231561,0.37846848,0.015319581,-0.065649986
1541856097542,0,0,0,0.9227746,0.379462,0.017332045,-0.06477052
1541856097561,0,0,0,0.9232759,0.3783834,0.019217914,-0.063390434
1541856097582,0,0,0,0.92422116,0.3778308,0.022837343,-0.05037433
1541856097607,0,0,0,0.92471516,0.37879097,0.025571223,-0.02766651
1541856097626,0,0,0,0.92370564,0.38212296,0.026856795,-0.0053490996
1541856097652,0,0,0,0.92038316,0.38970202,0.028641246,0.014384747
1541856097677,0,0,0,0.9157336,0.40004686,0.030714111,0.021243691
1541856097682,0,0,0,0.91231525,0.40739182,0.034745764,0.022485495
1541856097703,0,0,0,0.91228676,0.40647754,0.03829471,0.032286048
1541856097723,0,0,0,0.9151544,0.39712802,0.041328933,0.055441022
1541856097737,0,0,0,0.9177305,0.38651258,0.04435598,0.08007121
1541856097759,0,0,0,0.918719,0.37947312,0.046461545,0.098979235
1541856097778,0,0,0,0.91752535,0.3777559,0.05047064,0.11357939
1541856097801,0,0,0,0.9162481,0.37938333,0.05472883,0.116458416
1541856097821,0,0,0,0.9160634,0.3780397,0.057088353,0.12105656
1541856097844,0,0,0,0.91530204,0.37086633,0.06102188,0.14476466
1541856097863,0,0,0,0.9144417,0.3609512,0.06417811,0.17144072
1541856097889,0,0,0,0.9135208,0.35352582,0.06573527,0.19020545
1541856097908,0,0,0,0.9134821,0.34887865,0.06576629,0.19876838
1541856097922,0,0,0,0.9129943,0.34593374,0.06437772,0.20646238
1541856097942,0,0,0,0.9122877,0.34402707,0.061393723,0.21355915
1541856097962,0,0,0,0.9140481,0.34064558,0.05931993,0.2120328
1541856097992,0,0,0,0.9185965,0.33872843,0.057285912,0.19535041
1541856098011,0,0,0,0.9224961,0.34099495,0.05264073,0.17306793
1541856098026,0,0,0,0.92404777,0.34591854,0.048251912,0.15539563
1541856098046,0,0,0,0.92414606,0.35209218,0.04502826,0.14127135
1541856098063,0,0,0,0.9233405,0.35795394,0.04323659,0.13206804
1541856098089,0,0,0,0.9224488,0.36207753,0.041621055,0.12749791
1541856098102,0,0,0,0.92140865,0.36430556,0.040470976,0.12903368
1541856098125,0,0,0,0.9194352,0.3662132,0.040396973,0.13745844
1541856098144,0,0,0,0.9171558,0.36842093,0.04062788,0.14642584
1541856098161,0,0,0,0.9152771,0.37037852,0.04161676,0.15282524
1541856098181,0,0,0,0.91346717,0.3719911,0.042750586,0.15928805
1541856098203,0,0,0,0.91114914,0.3730326,0.045453288,0.16907942
1541856098219,0,0,0,0.9090969,0.37376407,0.04797213,0.1776005
1541856098243,0,0,0,0.90739113,0.37378272,0.049887046,0.18557799
1541856098262,0,0,0,0.906156,0.3742319,0.050110202,0.19058013
1541856098288,0,0,0,0.90400934,0.37792775,0.050071005,0.19347012
1541856098309,0,0,0,0.9039429,0.3781194,0.05022024,0.1933676
1541856098326,0,0,0,0.9036114,0.38066885,0.04987271,0.1899749
1541856098345,0,0,0,0.90291893,0.38146597,0.048466537,0.19202149
1541856098366,0,0,0,0.90185887,0.38010743,0.04792781,0.19967937
1541856098384,0,0,0,0.9020798,0.3791056,0.048032597,0.20055866
1541856098405,0,0,0,0.90327847,0.3806891,0.047998037,0.19198966
1541856098426,0,0,0,0.9046684,0.38168618,0.047429074,0.18341541
1541856098445,0,0,0,0.90485495,0.37982443,0.04768094,0.18627226
1541856098460,0,0,0,0.9048491,0.37552556,0.04772077,0.19481122
1541856098483,0,0,0,0.90431553,0.37223893,0.04847384,0.20322883
1541856098507,0,0,0,0.9034013,0.37080157,0.049345303,0.20961237
1541856098524,0,0,0,0.9023773,0.37127408,0.051511478,0.21264398
1541856098544,0,0,0,0.9021337,0.37223256,0.05326425,0.2115674
1541856098565,0,0,0,0.9023278,0.37291908,0.054263778,0.2092638
1541856098607,0,0,0,0.90200835,0.37260044,0.05436637,0.21117342
1541856098612,0,0,0,0.9004923,0.3723695,0.052963782,0.21828759
1541856098624,0,0,0,0.8991348,0.37361744,0.050792377,0.22223139
1541856098642,0,0,0,0.897979,0.3770081,0.04901139,0.22157717
1541856098660,0,0,0,0.8984173,0.3799902,0.047626637,0.21490824
1541856098684,0,0,0,0.89974135,0.38094133,0.046633605,0.20778489
1541856098715,0,0,0,0.90138936,0.3800266,0.045657612,0.20246565
1541856098723,0,0,0,0.9025727,0.3782488,0.04535664,0.20058227
1541856098744,0,0,0,0.90268433,0.3766235,0.046702776,0.2028172
1541856098765,0,0,0,0.902155,0.37613425,0.047969364,0.20576298
1541856098782,0,0,0,0.9011433,0.3759585,0.04943479,0.21012425
1541856098806,0,0,0,0.90068364,0.3747011,0.05062455,0.21402204
1541856098826,0,0,0,0.90136117,0.3716474,0.050950605,0.21640348
1541856098845,0,0,0,0.90183103,0.36818433,0.051403537,0.22022426
1541856098865,0,0,0,0.90253586,0.365889,0.050920382,0.22127223
1541856098881,0,0,0,0.9030348,0.3651431,0.050003093,0.22067726
1541856098901,0,0,0,0.90401405,0.36506784,0.04831091,0.21714091
1541856098922,0,0,0,0.90512264,0.3650694,0.046849236,0.21279693
1541856098948,0,0,0,0.90667725,0.36534125,0.044849467,0.20603573
1541856098964,0,0,0,0.90723443,0.3655336,0.04449567,0.20330071
1541856098991,0,0,0,0.9071017,0.36523855,0.04550029,0.2041986
1541856099013,0,0,0,0.9074928,0.36500463,0.045199778,0.2029419
1541856099018,0,0,0,0.906752,0.36472493,0.046408992,0.20645297
1541856099038,0,0,0,0.9068876,0.36489153,0.046287443,0.20558834
1541856099058,0,0,0,0.9069906,0.36495256,0.0465995,0.20495427
1541856099078,0,0,0,0.90708214,0.36465725,0.04728496,0.20491767
1541856099098,0,0,0,0.90741324,0.36373278,0.047798157,0.20497596
1541856099120,0,0,0,0.90848076,0.36251163,0.047079843,0.20256233
1541856099138,0,0,0,0.9101494,0.36187893,0.04457688,0.1966846
1541856099162,0,0,0,0.9110031,0.36165595,0.042640217,0.19354665
1541856099182,0,0,0,0.9122123,0.36227185,0.039296854,0.18730628
1541856099201,0,0,0,0.9128234,0.36281875,0.03703144,0.18369734
1541856099237,0,0,0,0.914132,0.36283556,0.034090325,0.17762566
1541856099248,0,0,0,0.9162146,0.36218905,0.030882655,0.16857123
1541856099267,0,0,0,0.9183475,0.3610234,0.028512364,0.15964663
1541856099286,0,0,0,0.920691,0.359412,0.025840208,0.14994442
1541856099305,0,0,0,0.92331517,0.3571702,0.023074752,0.13923466
1541856099323,0,0,0,0.9259428,0.3548254,0.020201003,0.12775326
1541856099342,0,0,0,0.9275841,0.35321844,0.018229788,0.1203841
1541856099360,0,0,0,0.9286576,0.35273257,0.016009651,0.11365986
1541856099378,0,0,0,0.92938846,0.35262278,0.014247687,0.10812628
1541856099398,0,0,0,0.92996585,0.35243905,0.0132613275,0.10379982
1541856099417,0,0,0,0.9305077,0.3517817,0.013071889,0.1011641
1541856099437,0,0,0,0.93100286,0.35130572,0.012917583,0.098240614
1541856099457,0,0,0,0.9306442,0.35116524,0.015145741,0.101759195
1541856099480,0,0,0,0.93002933,0.3511654,0.017771281,0.106829405
1541856099500,0,0,0,0.92964476,0.3506715,0.019465383,0.11140573
1541856099530,0,0,0,0.92943925,0.35021165,0.02012609,0.11440933
1541856099548,0,0,0,0.92902493,0.35032192,0.020529624,0.11732757
1541856099572,0,0,0,0.9290205,0.35065272,0.020343779,0.11640358
1541856101034,0,0,0,0.92863834,0.35430175,0.04256652,0.10143638
1541856101043,0,0,0,0.92863834,0.35430175,0.04256652,0.10143638
1541856101051,0,0,0,0.92863834,0.35430175,0.04256652,0.10143638
1541856101057,0,0,0,0.92863834,0.35430175,0.04256652,0.10143638
1541856101089,0,0,0,0.92863834,0.35430175,0.04256652,0.10143638
1541856101113,0,0,0,0.92863834,0.35430175,0.04256652,0.10143638
1541856101117,0,0,0,0.92863834,0.35430175,0.04256652,0.10143638
1541856101138,0,0,0,0.92863834,0.35430175,0.04256652,0.10143638
1541856101150,0,0,0,0.92863834,0.35430175,0.04256652,0.10143638
1541856101157,0,0,0,0.9322195,0.35540918,0.027120562,0.06257498
1541856101165,0,0,0,0.91744953,0.39569142,0.026756855,0.03160441
1541856101174,0,0,0,0.91783553,0.3959385,0.021366974,0.018816113
1541856101186,0,0,0,0.9181719,0.39592925,0.014147955,6.146431E-4
1541856101195,0,0,0,0.9182942,0.39544848,0.0065250588,-0.017712414
1541856101207,0,0,0,0.9182007,0.39499524,5.835945E-4,-0.02976638
1541856101216,0,0,0,0.91791505,0.3946459,-0.0052038124,-0.040737033
1541856101223,0,0,0,0.9173706,0.3947071,-0.010191204,-0.05033517
1541856101230,0,0,0,0.9170502,0.39470202,-0.012999344,-0.055320382
1541856101236,0,0,0,0.91699797,0.39501083,-0.012597621,-0.054060936
1541856101245,0,0,0,0.9168856,0.39540777,-0.012016549,-0.053189576
1541856101251,0,0,0,0.9170123,0.3958637,-0.009415874,-0.047872543
1541856101267,0,0,0,0.9173875,0.3957476,-0.0065778634,-0.04172331
1541856101321,0,0,0,0.9175471,0.3957687,-0.0048178243,-0.03809488
1541856101328,0,0,0,0.9175371,0.39607003,-0.0033509964,-0.03525895
1541856101337,0,0,0,0.91746384,0.3964165,-0.0018378504,-0.03332776
1541856101363,0,0,0,0.9175782,0.39633542,-7.5465636E-5,-0.031120956
1541856101369,0,0,0,0.9178444,0.3957596,3.7138705E-4,-0.03059405
1541856101397,0,0,0,0.918328,0.39496276,0.0019895711,-0.02596575
1541856101431,0,0,0,0.9188264,0.39417848,0.004312383,-0.019047678
1541856101437,0,0,0,0.91914535,0.39366364,0.0064454973,-0.012621164
1541856101458,0,0,0,0.9193718,0.39314952,0.0062391525,-0.012249827
1541856101471,0,0,0,0.919801,0.3922228,0.007834348,-0.008131921
1541856101495,0,0,0,0.9205746,0.39044103,0.009679966,-0.0021566153
1541856101516,0,0,0,0.92136925,0.3885232,0.010819433,0.0033786297
1541856101533,0,0,0,0.9218115,0.3874074,0.01121256,0.007302642
1541856101553,0,0,0,0.9218838,0.38716254,0.0115137575,0.010142446
1541856101577,0,0,0,0.9217944,0.38724378,0.012496192,0.013455868
1541856101585,0,0,0,0.9218083,0.3871897,0.012662978,0.0138994455
1541856101607,0,0,0,0.9215697,0.38605693,0.021123456,0.034972906
1541856101637,0,0,0,0.92218214,0.38452402,0.020953408,0.035812378
1541856101652,0,0,0,0.922507,0.38273668,0.023762431,0.04391837
1541856101673,0,0,0,0.9223119,0.38138682,0.027806865,0.055781007
1541856101685,0,0,0,0.92177165,0.3804671,0.03173037,0.06763935
1541856101706,0,0,0,0.92117137,0.37964955,0.035282623,0.07787645
1541856101727,0,0,0,0.9208728,0.37896702,0.037336793,0.08356559
1541856101746,0,0,0,0.92070365,0.3784804,0.03851803,0.087028146
1541856101764,0,0,0,0.92069554,0.37799087,0.03897759,0.0890131
1541856101785,0,0,0,0.92063797,0.37754288,0.039305203,0.09133518
1541856101805,0,0,0,0.92054707,0.37714228,0.039581787,0.09375596
1541856101825,0,0,0,0.9208901,0.3772347,0.03808495,0.09058118
1541856101845,0,0,0,0.92123026,0.37736365,0.03680634,0.08704412
1541856101864,0,0,0,0.9214613,0.377391,0.036072217,0.084759116
1541856101883,0,0,0,0.9218622,0.376763,0.03547747,0.08343363
1541856101905,0,0,0,0.9224247,0.3759517,0.03412279,0.08141732
1541856101925,0,0,0,0.9227882,0.37532684,0.032949995,0.08066058
1541856101944,0,0,0,0.92317194,0.37496144,0.03161182,0.0784744
1541856101964,0,0,0,0.9234632,0.37466928,0.030880218,0.07671416
1541856101985,0,0,0,0.92352265,0.37419122,0.03142481,0.07809794
1541856102005,0,0,0,0.9234146,0.37378368,0.0322847,0.08092654
1541856102028,0,0,0,0.92345345,0.3734063,0.03244751,0.08215046
1541856102048,0,0,0,0.92346275,0.37316057,0.032365996,0.08318794
1541856102064,0,0,0,0.9233438,0.3728314,0.032908887,0.085731864
1541856102086,0,0,0,0.92317325,0.37277126,0.033604912,0.087540746
1541856102106,0,0,0,0.92305773,0.37315142,0.03392529,0.08701503
1541856102127,0,0,0,0.92319185,0.3738208,0.033246834,0.08288276
1541856102147,0,0,0,0.9233951,0.37400752,0.03292385,0.07984972
1541856102167,0,0,0,0.924069,0.37360272,0.031156832,0.07447672
1541856102186,0,0,0,0.924901,0.3724515,0.029139021,0.070631385
1541856102208,0,0,0,0.92541254,0.37139913,0.027851855,0.06999087
1541856102233,0,0,0,0.9255868,0.37137502,0.02648305,0.06832528
1541856102248,0,0,0,0.92555434,0.3717683,0.025784329,0.06687939
1541856102267,0,0,0,0.9258038,0.3719765,0.024322836,0.06268382
1541856102288,0,0,0,0.9260105,0.37159103,0.024151638,0.06198013
1541856102307,0,0,0,0.92648965,0.3708738,0.022734765,0.05960536
1541856102336,0,0,0,0.9267536,0.36990002,0.022708423,0.06153238
1541856102354,0,0,0,0.9267193,0.3692225,0.02395648,0.065514565
1541856102370,0,0,0,0.9268451,0.3691634,0.023261437,0.06430817
1541856102390,0,0,0,0.92701256,0.36920726,0.02211631,0.062004805
1541856102410,0,0,0,0.9273229,0.3690564,0.020611802,0.05869186
1541856102433,0,0,0,0.92750996,0.36856082,0.020437771,0.058912277
1541856102455,0,0,0,0.9280788,0.36791325,0.018236624,0.054562926
1541856102469,0,0,0,0.92856264,0.3673039,0.016326645,0.0509187
1541856102491,0,0,0,0.92879206,0.36714274,0.014910267,0.048262596
1541856102509,0,0,0,0.9290179,0.36706603,0.013354217,0.044832587
1541856102529,0,0,0,0.92910683,0.3669604,0.01288731,0.043982744
1541856102548,0,0,0,0.92926526,0.36657155,0.012721371,0.04392743
1541856102567,0,0,0,0.9294946,0.36584496,0.012765611,0.045103908
1541856102587,0,0,0,0.92978036,0.3653026,0.011818533,0.04385054
1541856102607,0,0,0,0.9298333,0.3652298,0.01149647,0.043418765
1541856102629,0,0,0,0.9296557,0.36544758,0.012148183,0.04517579
1541856102649,0,0,0,0.9295361,0.36551687,0.012892491,0.04683888
1541856102667,0,0,0,0.9296261,0.3653132,0.012893165,0.04664111
1541856102687,0,0,0,0.9298277,0.364712,0.012897229,0.047322035
1541856102707,0,0,0,0.92999655,0.36398882,0.013163715,0.049449682
1541856102734,0,0,0,0.9301656,0.36331925,0.01341889,0.051098347
1541856102748,0,0,0,0.9301535,0.36297047,0.014105596,0.053553104
1541856102767,0,0,0,0.9301565,0.36275926,0.014368901,0.054846525
1541856102789,0,0,0,0.93012726,0.36263475,0.014670411,0.056072116
1541856102808,0,0,0,0.9303693,0.36238182,0.013673213,0.05390346
1541856102835,0,0,0,0.93062603,0.3618788,0.013112115,0.052981973
1541856102856,0,0,0,0.930917,0.36121497,0.0126756,0.052503347
1541856102877,0,0,0,0.9312392,0.36074874,0.0115466565,0.050205708
1541856102889,0,0,0,0.9313395,0.36050057,0.011054888,0.050238967
1541856102909,0,0,0,0.9313328,0.36040783,0.010886088,0.051059246
1541856102931,0,0,0,0.931304,0.3604068,0.011001065,0.05156362
1541856102952,0,0,0,0.93158376,0.360329,0.009311373,0.047201753
1541856102971,0,0,0,0.9318345,0.36008424,0.008125806,0.04424882
1541856102991,0,0,0,0.93211126,0.35983402,0.006522501,0.04056585
1541856103010,0,0,0,0.93242764,0.35952562,0.0045541185,0.03604567
1541856103047,0,0,0,0.9325795,0.359083,0.00444812,0.036540985
1541856103051,0,0,0,0.9328766,0.35864136,0.0030729137,0.03329134
1541856103077,0,0,0,0.93306017,0.35837156,0.0020689096,0.031053662
1541856103088,0,0,0,0.9331389,0.35820314,0.0016382808,0.030656338
1541856103109,0,0,0,0.933123,0.35799453,0.0025589874,0.03338921
1541856103132,0,0,0,0.93315834,0.35771948,0.0032243459,0.03524196
1541856103158,0,0,0,0.93313426,0.35747805,0.0041712495,0.038112164
1541856103171,0,0,0,0.93292665,0.35738447,0.0061440696,0.043433547
1541856103190,0,0,0,0.9328724,0.35739827,0.006535401,0.044417143
1541856103220,0,0,0,0.9327817,0.35719368,0.0077148415,0.0476619
1541856103246,0,0,0,0.9326924,0.35693812,0.008721964,0.051029205
1541856103251,0,0,0,0.9326403,0.35654697,0.009620102,0.054440975
1541856103278,0,0,0,0.93264145,0.35614732,0.010108975,0.05689299
1541856103299,0,0,0,0.9325475,0.35597244,0.010813552,0.059345126
1541856103309,0,0,0,0.9323819,0.35610607,0.01151336,0.060990334
1541856103329,0,0,0,0.9324463,0.35615188,0.01104518,0.059815526
1541856103349,0,0,0,0.93236256,0.35602245,0.01179112,0.061717153
1541856103372,0,0,0,0.9323805,0.35595235,0.011836906,0.061843514
1541856103390,0,0,0,0.932508,0.3557138,0.011548782,0.061344624
1541856103409,0,0,0,0.9326732,0.3554979,0.010795168,0.060212255
1541856103430,0,0,0,0.9326073,0.3558153,0.010694567,0.059371114
1541856103450,0,0,0,0.93226427,0.35646296,0.011911994,0.06062734
1541856103475,0,0,0,0.9321122,0.35698232,0.012348054,0.059816957
1541856103492,0,0,0,0.9318344,0.35724297,0.0138839735,0.062204003
1541856103516,0,0,0,0.93193173,0.3569958,0.014475261,0.062030077
1541856103545,0,0,0,0.9319635,0.35659382,0.015416677,0.063619375
1541856103550,0,0,0,0.931933,0.35644454,0.016110145,0.06472111
1541856103573,0,0,0,0.9316641,0.35641542,0.017514892,0.06828821
1541856103591,0,0,0,0.93125415,0.35626337,0.0195843,0.07388234
1541856103610,0,0,0,0.93119043,0.3563427,0.019896502,0.07421911
1541856103639,0,0,0,0.93095726,0.3564277,0.021148602,0.076358676
1541856103651,0,0,0,0.93089217,0.3566962,0.021570284,0.075778365
1541856103670,0,0,0,0.93111527,0.35693368,0.021261163,0.07190788
1541856103690,0,0,0,0.931467,0.3567002,0.021006301,0.06850469
1541856103710,0,0,0,0.9316833,0.3561856,0.02119244,0.068184614
1541856103730,0,0,0,0.9319349,0.35570264,0.0204424,0.06749189
1541856103754,0,0,0,0.9321131,0.3552442,0.0198829,0.067613006
1541856103772,0,0,0,0.9321006,0.3544659,0.020740114,0.07150006
1541856103791,0,0,0,0.932162,0.3540433,0.02073096,0.0727849
1541856103810,0,0,0,0.93191814,0.3541414,0.021767685,0.07509053
1541856103842,0,0,0,0.93144083,0.35442653,0.023889292,0.07892501
1541856103859,0,0,0,0.93138206,0.3544215,0.024676884,0.07939756
1541856103877,0,0,0,0.93155986,0.35339576,0.025622608,0.08155465
1541856103895,0,0,0,0.9315937,0.35214564,0.026718404,0.08609748
1541856103911,0,0,0,0.9317362,0.35178196,0.026104458,0.08623183
1541856103932,0,0,0,0.93135643,0.3520526,0.02724734,0.088835835
1541856103957,0,0,0,0.93129814,0.35259187,0.027505469,0.087213874
1541856103974,0,0,0,0.9311353,0.35253525,0.028811162,0.08874631
1541856103992,0,0,0,0.9312346,0.35208032,0.029014938,0.08944154
1541856104010,0,0,0,0.9311213,0.35188258,0.029367983,0.09126568
1541856104032,0,0,0,0.9307272,0.35182223,0.030444887,0.09508586
1541856104050,0,0,0,0.9305714,0.35176453,0.031119773,0.09659302
1541856104071,0,0,0,0.9306167,0.35157502,0.031427737,0.09674752
1541856104092,0,0,0,0.93069285,0.35102117,0.03203856,0.09781897
1541856104111,0,0,0,0.9308478,0.35060516,0.032120503,0.09781015
1541856104137,0,0,0,0.93091166,0.35030472,0.032470662,0.09816182
1541856104157,0,0,0,0.93103564,0.34977135,0.032703873,0.098808646
1541856104169,0,0,0,0.9312718,0.3490271,0.032512806,0.09927702
1541856104192,0,0,0,0.93154967,0.34872422,0.031749766,0.09797239
1541856104211,0,0,0,0.9315255,0.34868625,0.031902988,0.098287106
1541856104236,0,0,0,0.93156,0.34868324,0.03168288,0.09804213
1541856104250,0,0,0,0.9318447,0.3484749,0.03076638,0.096354246
1541856104273,0,0,0,0.93205124,0.34836307,0.029862074,0.09503651
1541856104292,0,0,0,0.9321917,0.348546,0.028754024,0.09331393
1541856104311,0,0,0,0.9321475,0.34885266,0.028223708,0.09277022
1541856104340,0,0,0,0.93223846,0.34919786,0.027673585,0.09070039
1541856104356,0,0,0,0.93263423,0.3492688,0.02629472,0.0866797
1541856104374,0,0,0,0.93283856,0.3492837,0.025285466,0.08469856
1541856104393,0,0,0,0.93292665,0.34922868,0.024811136,0.084092855
1541856104412,0,0,0,0.93297786,0.34916034,0.024540003,0.083887696
1541856104432,0,0,0,0.93268746,0.34896356,0.025694443,0.08751202
1541856104450,0,0,0,0.93265665,0.34929362,0.025237061,0.08665323
1541856104469,0,0,0,0.93247336,0.34986523,0.024948958,0.0864017
1541856104490,0,0,0,0.93219584,0.35024217,0.025327083,0.08774924
1541856104509,0,0,0,0.9318657,0.35017732,0.02630376,0.091160774
1541856104534,0,0,0,0.9314598,0.3497551,0.027761176,0.096350074
1541856104553,0,0,0,0.9308015,0.34932092,0.029801808,0.10341799
1541856104573,0,0,0,0.9298756,0.34916618,0.032210425,0.111251116
1541856104592,0,0,0,0.92946965,0.34938028,0.032900713,0.113741755
1541856104612,0,0,0,0.92890203,0.3492194,0.034377374,0.11834264
1541856104635,0,0,0,0.9286051,0.34862474,0.03551974,0.122032166
1541856104656,0,0,0,0.9286463,0.34788135,0.03575966,0.123757005
1541856104673,0,0,0,0.9287227,0.34742987,0.035557643,0.12450874
1541856104694,0,0,0,0.92882746,0.34765598,0.034946166,0.12326288
1541856104714,0,0,0,0.9290953,0.34804803,0.034007233,0.120366216
1541856104736,0,0,0,0.9291144,0.34794638,0.034087572,0.120489836
1541856104749,0,0,0,0.9293093,0.34748378,0.033904232,0.12037325
1541856104769,0,0,0,0.9295404,0.34722632,0.03348262,0.119446516
1541856104790,0,0,0,0.92963266,0.34731898,0.033221837,0.118528605
1541856104810,0,0,0,0.9297539,0.34770656,0.03272685,0.11656237
1541856104834,0,0,0,0.92967314,0.3480134,0.033060055,0.11619651
1541856104856,0,0,0,0.9295267,0.3480277,0.033697523,0.117138505
1541856104873,0,0,0,0.9293813,0.3474572,0.03457916,0.11970043
1541856104893,0,0,0,0.92982256,0.34755668,0.033444393,0.11625826
1541856104913,0,0,0,0.9299779,0.3481493,0.032867298,0.113371015
1541856104936,0,0,0,0.9301742,0.34839368,0.032693163,0.11103666
1541856104955,0,0,0,0.9308714,0.34799606,0.031657536,0.10665345
1541856104971,0,0,0,0.9315481,0.34721702,0.030943476,0.103446126
1541856104992,0,0,0,0.93191093,0.3466269,0.030390203,0.10231471
1541856105012,0,0,0,0.9320063,0.3464011,0.030195963,0.10226798
1541856105036,0,0,0,0.932208,0.34653667,0.029588692,0.10012567
1541856105057,0,0,0,0.9319917,0.34641126,0.030563729,0.10225749
1541856105072,0,0,0,0.93185496,0.34626424,0.031252094,0.103782415
1541856105092,0,0,0,0.93165207,0.3459562,0.032282364,0.10628545
1541856105111,0,0,0,0.9314736,0.34536052,0.03350202,0.109365344
1541856105142,0,0,0,0.9311429,0.34489125,0.034982495,0.11313343
1541856105154,0,0,0,0.9307456,0.344939,0.036188062,0.11584568
1541856105174,0,0,0,0.930831,0.34534726,0.03587826,0.114025116
1541856105194,0,0,0,0.9310385,0.34552717,0.035273526,0.11195612
1541856105211,0,0,0,0.9315834,0.34531626,0.03396434,0.10842264
1541856105232,0,0,0,0.93208665,0.34531754,0.03246686,0.10448098
1541856105258,0,0,0,0.93248326,0.3457221,0.030670544,0.10005283
1541856105283,0,0,0,0.9327138,0.3461591,0.02941084,0.096716166
1541856105304,0,0,0,0.9327551,0.34669688,0.028805599,0.0945487
1541856105310,0,0,0,0.93278176,0.34717453,0.028310778,0.092664
1541856105332,0,0,0,0.9326352,0.34734762,0.02885384,0.093320966
1541856105351,0,0,0,0.9325213,0.34696928,0.029754145,0.0955565
1541856105369,0,0,0,0.9323858,0.34621647,0.030572284,0.0992794
1541856105390,0,0,0,0.9319891,0.3455178,0.031651925,0.10493779
1541856105410,0,0,0,0.93124706,0.3456721,0.033018913,0.11045146
1541856105433,0,0,0,0.9304015,0.34596193,0.03512054,0.115888
1541856105459,0,0,0,0.93013996,0.3457893,0.036358062,0.11809981
1541856105479,0,0,0,0.9300522,0.34509516,0.037355278,0.12048578
1541856105496,0,0,0,0.93001366,0.3442446,0.037863806,0.12303126
1541856105515,0,0,0,0.93035346,0.34364218,0.036855895,0.12245071
1541856105542,0,0,0,0.93065894,0.34323832,0.035666835,0.121611476
1541856105550,0,0,0,0.9310276,0.34258288,0.0344479,0.120987535
1541856105569,0,0,0,0.9316403,0.3414837,0.032661323,0.11986828
1541856105590,0,0,0,0.9319036,0.34036598,0.031706654,0.1212492
1541856105610,0,0,0,0.9318674,0.33954546,0.031428453,0.123871684
1541856105636,0,0,0,0.9319868,0.33937883,0.030409047,0.123685
1541856105660,0,0,0,0.9316853,0.33954647,0.030435665,0.12547708
1541856105677,0,0,0,0.9313188,0.34007788,0.030836897,0.12665486
1541856105692,0,0,0,0.9310705,0.3406519,0.031196991,0.12684989
1541856105712,0,0,0,0.93111765,0.340811,0.03120273,0.12607217
1541856105740,0,0,0,0.9310276,0.34008452,0.031942267,0.12849104
1541856105760,0,0,0,0.9313693,0.33910063,0.031378314,0.1287539
1541856105778,0,0,0,0.93198204,0.33841783,0.029853214,0.12645817
1541856105799,0,0,0,0.93230337,0.33788127,0.029176919,0.12567973
1541856105812,0,0,0,0.93259305,0.33773145,0.028620869,0.12405062
1541856105831,0,0,0,0.9326328,0.33800492,0.028765287,0.122968435
1541856105855,0,0,0,0.93270236,0.3380955,0.02909473,0.12211192
1541856105875,0,0,0,0.9327199,0.3374593,0.02955028,0.12361872
1541856105893,0,0,0,0.93278146,0.33656204,0.029295553,0.12564456
1541856105913,0,0,0,0.9326644,0.3360391,0.028984867,0.12796378
1541856105937,0,0,0,0.9326989,0.3358567,0.028665321,0.128263
1541856105955,0,0,0,0.93220407,0.33545774,0.03027686,0.13246548
1541856105977,0,0,0,0.9318686,0.33460885,0.031893604,0.136531
1541856105994,0,0,0,0.93241125,0.33400476,0.03113413,0.13446486
1541856106015,0,0,0,0.932917,0.33317932,0.030564073,0.133129
1541856106041,0,0,0,0.933017,0.33223966,0.030962277,0.13467526
1541856106058,0,0,0,0.93295515,0.33129844,0.031736877,0.13721883
1541856106071,0,0,0,0.9331511,0.330685,0.031793263,0.13735282
1541856106092,0,0,0,0.9330593,0.33030954,0.032399558,0.13873124
1541856106112,0,0,0,0.93334574,0.33014506,0.03231344,0.13720739
1541856106134,0,0,0,0.9332969,0.32967162,0.033218652,0.13845658
1541856106151,0,0,0,0.9325667,0.32932985,0.03493931,0.14366794
1541856106171,0,0,0,0.93162787,0.32962045,0.036410425,0.14864147
1541856106190,0,0,0,0.9311511,0.3305606,0.03662658,0.1494857
1541856106211,0,0,0,0.93086684,0.3314344,0.03669034,0.1493051
1541856106238,0,0,0,0.9301937,0.33133042,0.03824174,0.1532886
1541856106256,0,0,0,0.9296058,0.33079848,0.0398985,0.15752363
1541856106276,0,0,0,0.9293838,0.3304201,0.040836833,0.15937614
1541856106295,0,0,0,0.9296355,0.33035102,0.040979978,0.15800834
1541856106314,0,0,0,0.9307162,0.32994193,0.039554674,0.15277803
1541856106333,0,0,0,0.93164057,0.3291764,0.038249683,0.14908361
1541856106358,0,0,0,0.93234986,0.32872087,0.037193492,0.1458869
1541856106373,0,0,0,0.9330096,0.32879767,0.036059294,0.14172125
1541856106393,0,0,0,0.93377274,0.32946283,0.034383524,0.13542724
1541856106412,0,0,0,0.9345368,0.33008325,0.032753997,0.12889218
1541856106436,0,0,0,0.934801,0.33049306,0.032082386,0.12606406
1541856106452,0,0,0,0.93454975,0.33093873,0.03253496,0.12664092
1541856106473,0,0,0,0.9334526,0.33198953,0.03450842,0.13137162
1541856106492,0,0,0,0.93221325,0.33307663,0.03637401,0.1368041
1541856106511,0,0,0,0.93128073,0.33243018,0.038395416,0.14398658
1541856106537,0,0,0,0.93068963,0.33147568,0.040246826,0.14940166
1541856106551,0,0,0,0.93025947,0.33094284,0.04134582,0.15292072
1541856106572,0,0,0,0.92973566,0.330683,0.0426118,0.15628374
1541856106594,0,0,0,0.930047,0.33058625,0.042790174,0.15457845
1541856106614,0,0,0,0.93052286,0.3300396,0.043136984,0.15277588
1541856106642,0,0,0,0.93113846,0.3292634,0.042850856,0.15076685
1541856106655,0,0,0,0.9317122,0.32891646,0.041792408,0.14825559
1541856106678,0,0,0,0.93232495,0.32885996,0.04036029,0.14488769
1541856106695,0,0,0,0.9330575,0.32878962,0.03904409,0.14062989
1541856106713,0,0,0,0.9332268,0.32847884,0.039201282,0.14018798
1541856106737,0,0,0,0.93351907,0.32840797,0.038897634,0.13848269
1541856106761,0,0,0,0.9335784,0.3284248,0.039438374,0.13788891
1541856106776,0,0,0,0.9342063,0.3281856,0.038772836,0.13434827
1541856106794,0,0,0,0.93447036,0.32737342,0.038750526,0.13450003
1541856106815,0,0,0,0.9345388,0.32665178,0.039161656,0.13565493
1541856106838,0,0,0,0.9339872,0.32618076,0.04103796,0.13996434
1541856106852,0,0,0,0.9335189,0.3261735,0.042871743,0.14253163
1541856106871,0,0,0,0.9336008,0.326266,0.043636516,0.1415484
1541856106893,0,0,0,0.93381053,0.3256265,0.04394676,0.14154148
1541856106911,0,0,0,0.9337218,0.32505763,0.04387073,0.14344561
1541856106938,0,0,0,0.93311405,0.32498986,0.04437249,0.14734638
1541856106953,0,0,0,0.9327072,0.32556465,0.0448899,0.14849186
1541856106971,0,0,0,0.93192697,0.3263487,0.04652806,0.151142
1541856106992,0,0,0,0.9318555,0.327572,0.046640612,0.14888453
1541856107012,0,0,0,0.93183345,0.32833114,0.047039893,0.1472156
1541856107040,0,0,0,0.931524,0.327983,0.04824952,0.14954007
1541856107058,0,0,0,0.93081295,0.3268409,0.049999278,0.15576434
1541856107078,0,0,0,0.93042547,0.32634678,0.050433584,0.1589427
1541856107097,0,0,0,0.93005246,0.32640392,0.051030207,0.16080678
1541856107115,0,0,0,0.9300697,0.32664508,0.05147094,0.16007543
1541856107138,0,0,0,0.9303391,0.32656395,0.051880002,0.15853548
1541856107153,0,0,0,0.93026376,0.32603902,0.052667998,0.15979421
1541856107173,0,0,0,0.92982805,0.3255643,0.053483628,0.16299474
1541856107192,0,0,0,0.929498,0.32528737,0.053564638,0.16538572
1541856107211,0,0,0,0.9296242,0.32503206,0.05269576,0.1654576
1541856107234,0,0,0,0.9290471,0.32437238,0.053392608,0.16971529
1541856107254,0,0,0,0.9286869,0.32410714,0.053906616,0.17201531
1541856107271,0,0,0,0.9280248,0.32424012,0.055067804,0.17494524
1541856107293,0,0,0,0.9279267,0.32495293,0.055393472,0.17403758
1541856107312,0,0,0,0.9285153,0.32593894,0.054746244,0.16919243
1541856107332,0,0,0,0.92907006,0.32596454,0.054586414,0.166121
1541856107353,0,0,0,0.9291795,0.3256701,0.054989487,0.16595387
1541856107376,0,0,0,0.92856735,0.3255302,0.056284092,0.16918886
1541856107395,0,0,0,0.9278743,0.32591656,0.057585202,0.17178953
1541856107414,0,0,0,0.9267571,0.32585856,0.059125103,0.17731833
1541856107434,0,0,0,0.9255515,0.32536143,0.059329495,0.18432128
1541856107453,0,0,0,0.9238469,0.32598278,0.05959655,0.19154787
1541856107474,0,0,0,0.92180395,0.32843828,0.06315915,0.19600177
1541856107492,0,0,0,0.9209971,0.33444777,0.0680603,0.18782151
1541856107513,0,0,0,0.92083657,0.340983,0.074537955,0.17388177
1541856107538,0,0,0,0.92068857,0.34471408,0.079583935,0.1648364
1541856107553,0,0,0,0.9197997,0.34287462,0.08426146,0.17118871
1541856107574,0,0,0,0.91836536,0.33846995,0.087079674,0.18563509
1541856107592,0,0,0,0.9157155,0.33498,0.0893602,0.20314622
1541856107617,0,0,0,0.911905,0.33485895,0.09092484,0.21916068
1541856107660,0,0,0,0.90854,0.33594108,0.09252349,0.23051715
1541856107668,0,0,0,0.9065728,0.33463112,0.09437379,0.23925173
1541856107678,0,0,0,0.905894,0.3310871,0.095772125,0.24609983
1541856107698,0,0,0,0.90515596,0.32707468,0.096872374,0.25363517
1541856107712,0,0,0,0.9049505,0.32374218,0.096779056,0.25862992
1541856107733,0,0,0,0.9043233,0.32144538,0.09682581,0.26362312
1541856107751,0,0,0,0.9040624,0.32038,0.09699848,0.26574254
1541856107779,0,0,0,0.90327626,0.31916326,0.09839251,0.26934314
1541856107789,0,0,0,0.9028116,0.3175534,0.09888747,0.27260292
1541856107830,0,0,0,0.9021766,0.31562534,0.09862776,0.2770028
1541856107835,0,0,0,0.9004417,0.31345183,0.09836967,0.28508973
1541856107852,0,0,0,0.89898413,0.3118701,0.09797073,0.29148984
1541856107871,0,0,0,0.8985598,0.3112871,0.097583435,0.2935443
1541856107892,0,0,0,0.8991638,0.31112984,0.097618155,0.29184484
1541856107912,0,0,0,0.90015143,0.31049898,0.09769082,0.289438
1541856107931,0,0,0,0.90136456,0.30854622,0.097023144,0.2879715
1541856107951,0,0,0,0.90257835,0.3056756,0.09504081,0.28789234
1541856107970,0,0,0,0.90208435,0.30309963,0.09370617,0.29256415
1541856107990,0,0,0,0.9012269,0.30191326,0.09269548,0.2967255
1541856108011,0,0,0,0.9013246,0.30081084,0.092086926,0.29773617
1541856108029,0,0,0,0.9022402,0.2968363,0.092080094,0.29895175
1541856108049,0,0,0,0.9032112,0.28940144,0.09298171,0.3030032
1541856108071,0,0,0,0.9053207,0.2826592,0.09278441,0.30313253
1541856108093,0,0,0,0.9067485,0.27760175,0.091803335,0.30383682
1541856108120,0,0,0,0.9085893,0.27306286,0.09079714,0.30275095
1541856108132,0,0,0,0.9120226,0.26874638,0.08941545,0.29663944
1541856108151,0,0,0,0.915822,0.26482472,0.08724368,0.28900945
1541856108175,0,0,0,0.9200656,0.26252687,0.083044976,0.27867997
1541856108196,0,0,0,0.92486143,0.26139876,0.07740065,0.2651627
1541856108221,0,0,0,0.9305811,0.26130313,0.07092184,0.2463932
1541856108235,0,0,0,0.93550146,0.26206732,0.06523496,0.2278204
1541856108254,0,0,0,0.93997157,0.26389343,0.0596554,0.20797849
1541856108274,0,0,0,0.9437105,0.26487997,0.05466134,0.19042361
1541856108297,0,0,0,0.94764304,0.26444787,0.048913803,0.17218447
1541856108317,0,0,0,0.9511695,0.26264486,0.04303815,0.15634
1541856108336,0,0,0,0.95405453,0.26048604,0.03802211,0.14311302
1541856108355,0,0,0,0.9568167,0.25855976,0.03305566,0.12867081
1541856108376,0,0,0,0.95869786,0.25737038,0.02980468,0.117348075
1541856108396,0,0,0,0.9601513,0.2571921,0.028121006,0.10569203
1541856108416,0,0,0,0.9615565,0.2575717,0.026472745,0.09146154
1541856108436,0,0,0,0.962805,0.25668454,0.024506357,0.08074057
1541856108456,0,0,0,0.96400094,0.2548352,0.02299495,0.07233572
1541856108476,0,0,0,0.9640245,0.25474986,0.022878248,0.072359204
1541856108497,0,0,0,0.9649463,0.2547989,0.018437346,0.06013453
1541856108519,0,0,0,0.9647217,0.25689426,0.015365388,0.055511117
1541856108538,0,0,0,0.9634825,0.26186514,0.014476486,0.054024816
1541856108556,0,0,0,0.9617471,0.268406,0.01612199,0.052353024
1541856108578,0,0,0,0.9599714,0.27493176,0.020108351,0.049629807
1541856108599,0,0,0,0.9584115,0.27984825,0.025334297,0.049906135
1541856108619,0,0,0,0.957472,0.28222516,0.029600762,0.05215466
1541856108638,0,0,0,0.9569536,0.28305915,0.031744003,0.055764675
1541856108656,0,0,0,0.9563734,0.28333735,0.03276178,0.06321859
1541856108676,0,0,0,0.9556978,0.2833013,0.033577073,0.0724895
1541856108698,0,0,0,0.95505965,0.2839088,0.03385595,0.078171134
1541856108722,0,0,0,0.95442975,0.2851507,0.034528885,0.08099854
1541856108740,0,0,0,0.9539109,0.28574058,0.03593467,0.08435094
1541856108765,0,0,0,0.9539966,0.28484246,0.03655102,0.08613539
1541856109164,0,0,0,0.95406336,0.2835011,0.03712203,0.08951104
1541856109196,0,0,0,0.9616249,0.25916886,0.03898784,0.0811733
1541856109201,0,0,0,0.9616249,0.25916886,0.03898784,0.0811733
1541856109209,0,0,0,0.9616249,0.25916886,0.03898784,0.0811733
1541856109211,0,0,0,0.9616249,0.25916886,0.03898784,0.0811733
1541856109219,0,0,0,0.9616249,0.25916886,0.03898784,0.0811733
1541856109224,0,0,0,0.9616249,0.25916886,0.03898784,0.0811733
1541856109237,0,0,0,0.9616249,0.25916886,0.03898784,0.0811733
1541856109242,0,0,0,0.9616249,0.25916886,0.03898784,0.0811733
1541856109253,0,0,0,0.9616249,0.25916886,0.03898784,0.0811733
1541856109261,0,0,0,0.9616249,0.25916886,0.03898784,0.0811733
1541856109268,0,0,0,0.9615214,0.2556977,0.040210266,0.09207821
1541856109276,0,0,0,0.96166635,0.25519595,0.03989484,0.092094064
1541856109285,0,0,0,0.96193486,0.25334883,0.038959727,0.09475112
1541856109291,0,0,0,0.9613905,0.25296518,0.039519254,0.1008724
1541856109300,0,0,0,0.9602805,0.25497177,0.041064825,0.105662346
1541856109307,0,0,0,0.95948356,0.25741404,0.042522512,0.106401086
1541856109315,0,0,0,0.95876104,0.25820693,0.044296198,0.110201836
1541856109324,0,0,0,0.9585733,0.25785217,0.044400223,0.11259794
1541856109331,0,0,0,0.95743704,0.25780177,0.04569206,0.121510744
1541856109351,0,0,0,0.9555001,0.25986856,0.04812221,0.13104212
1541856109375,0,0,0,0.9530848,0.26341197,0.051608574,0.13992906
1541856109395,0,0,0,0.95133036,0.26598075,0.05462426,0.14574254
1541856109425,0,0,0,0.9504015,0.26671523,0.057110075,0.14946127
1541856109432,0,0,0,0.9498214,0.26680493,0.058841635,0.15229023
1541856109450,0,0,0,0.94933844,0.26661363,0.05986506,0.1552093
1541856109475,0,0,0,0.94825006,0.26674604,0.061364833,0.16094387
1541856109499,0,0,0,0.9473251,0.2684901,0.06257063,0.16301239
1541856109520,0,0,0,0.94600284,0.27130795,0.064852215,0.16512108
1541856109547,0,0,0,0.9455717,0.27356526,0.06610877,0.16335797
1541856109553,0,0,0,0.9456782,0.2746065,0.06549408,0.16122854
1541856109571,0,0,0,0.94574314,0.27462423,0.06440602,0.16125584
1541856109598,0,0,0,0.9455717,0.27549726,0.0633558,0.16118765
1541856109620,0,0,0,0.9445339,0.27654213,0.06434448,0.1650455
1541856109640,0,0,0,0.9441892,0.27787423,0.06504993,0.16450334
1541856109649,0,0,0,0.9440192,0.27953848,0.06555993,0.1624434
1541856109671,0,0,0,0.94407034,0.2814468,0.06567458,0.15876317
1541856109699,0,0,0,0.9433095,0.2828744,0.06751174,0.15997314
1541856109713,0,0,0,0.942966,0.28393856,0.06900713,0.15947485
1541856109728,0,0,0,0.94024396,0.2831977,0.07346843,0.17419183
1541856109747,0,0,0,0.93892497,0.28354767,0.0746646,0.18012774
1541856109769,0,0,0,0.9375401,0.28466496,0.07592069,0.18498778
1541856109788,0,0,0,0.9348625,0.28555992,0.079504184,0.19536304
1541856109807,0,0,0,0.9322905,0.28623143,0.083216734,0.20489275
1541856109826,0,0,0,0.92925173,0.28592876,0.087498955,0.21697903
1541856109846,0,0,0,0.9266108,0.28562132,0.090582415,0.22717333
1541856109870,0,0,0,0.9241567,0.28534093,0.09328963,0.23624563
1541856109891,0,0,0,0.92203563,0.28483003,0.095593885,0.24409866
1541856109909,0,0,0,0.9197997,0.284146,0.09767914,0.25236595
1541856109926,0,0,0,0.9182772,0.28378427,0.09891514,0.2577777
1541856109947,0,0,0,0.91844773,0.28333983,0.09846249,0.2578324
1541856109967,0,0,0,0.9187874,0.28201047,0.09776499,0.2583443
1541856109987,0,0,0,0.91924727,0.28132418,0.09619279,0.25804675
1541856110010,0,0,0,0.9192261,0.28144968,0.095142595,0.25837445
1541856110026,0,0,0,0.919073,0.28281885,0.09470982,0.25758195
1541856110046,0,0,0,0.91886955,0.28431264,0.09498536,0.25655973
1541856110067,0,0,0,0.91894734,0.2850586,0.0950381,0.2554314
1541856110087,0,0,0,0.91890365,0.28488442,0.09479715,0.25587213
1541856110111,0,0,0,0.9186932,0.2847173,0.09461372,0.25687957
1541856110127,0,0,0,0.91831654,0.28536296,0.0945761,0.25752294
1541856110148,0,0,0,0.91853267,0.28688273,0.094367266,0.25512934
1541856110169,0,0,0,0.9193851,0.2875171,0.09396585,0.2514665
1541856110191,0,0,0,0.919995,0.28568223,0.09340945,0.25153446
1541856110212,0,0,0,0.92011774,0.28274325,0.091510795,0.2550794
1541856110231,0,0,0,0.91974866,0.28054556,0.088872574,0.25972748
1541856110250,0,0,0,0.9192023,0.28045473,0.08682935,0.2624365
1541856110270,0,0,0,0.9199711,0.28192702,0.08519017,0.25867534
1541856110295,0,0,0,0.92047465,0.28267172,0.0850782,0.2560954
1541856110322,0,0,0,0.92157173,0.28202534,0.084580444,0.25300872
1541856110345,0,0,0,0.92214817,0.28067434,0.0838692,0.25264752
1541856110351,0,0,0,0.92271346,0.2799632,0.08196491,0.25199664
1541856110372,0,0,0,0.92352295,0.28105637,0.07906355,0.24872017
1541856110400,0,0,0,0.9242656,0.28314215,0.07711944,0.24416447
1541856110416,0,0,0,0.9263362,0.28535134,0.074998654,0.2342031
1541856110437,0,0,0,0.92779195,0.28601304,0.07455727,0.22768366
1541856110455,0,0,0,0.9299414,0.28534016,0.07259356,0.22027302
1541856110470,0,0,0,0.93164766,0.28408304,0.06982859,0.21553087
1541856110490,0,0,0,0.9325773,0.28339395,0.0669489,0.21331978
1541856110512,0,0,0,0.93394613,0.28409523,0.06412703,0.20717704
1541856110531,0,0,0,0.934323,0.2841757,0.06432549,0.20529759
1541856110552,0,0,0,0.9350872,0.28363645,0.06437344,0.20252979
1541856110572,0,0,0,0.9351806,0.28270534,0.064748876,0.20327985
1541856110593,0,0,0,0.9350636,0.2826716,0.065173104,0.20372856
1541856110614,0,0,0,0.9351404,0.28395987,0.06509849,0.20159745
1541856110634,0,0,0,0.93504477,0.28549355,0.06533358,0.19979048
1541856110653,0,0,0,0.9359978,0.28566515,0.064395815,0.19533789
1541856110672,0,0,0,0.93674725,0.28322205,0.06286119,0.19580173
1541856110701,0,0,0,0.93775755,0.27916175,0.058912124,0.19801247
1541856110714,0,0,0,0.93767214,0.27716017,0.054522164,0.20243645
1541856110733,0,0,0,0.9382288,0.2794275,0.051714066,0.197415
1541856110751,0,0,0,0.9395188,0.28460768,0.052396968,0.18318677
1541856110770,0,0,0,0.9408709,0.28983653,0.054691892,0.16663027
1541856110792,0,0,0,0.94246674,0.28970104,0.057419747,0.1566292
1541856110814,0,0,0,0.943584,0.28418884,0.058576275,0.1595459
1541856110831,0,0,0,0.94445556,0.2771031,0.05585746,0.1676234
1541856110851,0,0,0,0.943685,0.2713124,0.05259008,0.18188608
1541856110871,0,0,0,0.94318444,0.26778385,0.04902241,0.19050395
1541856110890,0,0,0,0.94254255,0.26533636,0.047441136,0.19738173
1541856110910,0,0,0,0.9430817,0.26492938,0.045179743,0.1958785
1541856110933,0,0,0,0.9434437,0.26623788,0.04249581,0.19293904
1541856110951,0,0,0,0.94381,0.26875973,0.039577816,0.1882143
1541856110980,0,0,0,0.94429344,0.27266756,0.0368842,0.18055975
1541856111008,0,0,0,0.94362557,0.27717093,0.036858376,0.17716837
1541856111014,0,0,0,0.94319046,0.28238437,0.03752672,0.17100489
1541856111032,0,0,0,0.942918,0.2868179,0.03946283,0.16457176
1541856111052,0,0,0,0.94271356,0.28926587,0.041607134,0.16088891
1541856111070,0,0,0,0.94234717,0.29010445,0.042934544,0.1611762
1541856111090,0,0,0,0.94165933,0.28988087,0.043352276,0.16543102
1541856111115,0,0,0,0.94124717,0.28857064,0.04297464,0.17009997
1541856111130,0,0,0,0.94058096,0.2864119,0.04247869,0.1774013
1541856111151,0,0,0,0.9407581,0.28504792,0.040523876,0.17910814
1541856111172,0,0,0,0.9410584,0.28532,0.03877955,0.17747617
1541856111189,0,0,0,0.9408652,0.28605527,0.03788743,0.17750967
1541856111209,0,0,0,0.9402972,0.28628996,0.0365764,0.18039227
1541856111230,0,0,0,0.9385332,0.28541806,0.037946265,0.19039953
1541856111274,0,0,0,0.93780476,0.28581175,0.03881983,0.19320202
1541856111279,0,0,0,0.9370172,0.2869636,0.042690963,0.19449449
1541856111297,0,0,0,0.93598384,0.2883659,0.048345983,0.19606662
1541856111315,0,0,0,0.93419373,0.28937954,0.05368403,0.20164204
1541856111330,0,0,0,0.93114054,0.28951433,0.057857253,0.21403575
1541856111349,0,0,0,0.92682904,0.28816423,0.061300363,0.23279095
1541856111372,0,0,0,0.92166716,0.28696254,0.06386099,0.25318754
1541856111397,0,0,0,0.91844165,0.28716633,0.06556666,0.2640103
1541856111410,0,0,0,0.916679,0.28822392,0.06752934,0.2684518
1541856111429,0,0,0,0.9164806,0.2891951,0.068816856,0.26775706
1541856111449,0,0,0,0.9174403,0.28988686,0.068530515,0.26376605
1541856111470,0,0,0,0.9177961,0.29064086,0.0679671,0.26183736
1541856111488,0,0,0,0.9196241,0.29197624,0.06566624,0.2544198
1541856111519,0,0,0,0.9227636,0.29296073,0.062238734,0.24250317
1541856111530,0,0,0,0.92574173,0.29327,0.059571344,0.23118472
1541856111549,0,0,0,0.9278475,0.29391673,0.058221962,0.22208619
1541856111572,0,0,0,0.92939866,0.29517084,0.05739421,0.21400523
1541856111589,0,0,0,0.9313586,0.29638502,0.056261703,0.2038672
1541856111611,0,0,0,0.9325093,0.2954314,0.05666543,0.19983923
1541856111632,0,0,0,0.9339077,0.2933808,0.05683943,0.19624841
1541856111709,0,0,0,0.9352926,0.29121643,0.05777088,0.19257021
1541856111712,0,0,0,0.93528533,0.29045624,0.060306355,0.19297576
1541856111715,0,0,0,0.93706393,0.28776684,0.06258079,0.18757677
1541856111721,0,0,0,0.9395393,0.28648847,0.06428068,0.17623341
1541856111728,0,0,0,0.9410233,0.28589255,0.06480982,0.16893911
1541856111748,0,0,0,0.94158375,0.2856839,0.06587782,0.16572547
1541856111771,0,0,0,0.943294,0.28505677,0.06475891,0.15730631
1541856111792,0,0,0,0.9451863,0.28364646,0.06322853,0.14889467
1541856111809,0,0,0,0.94621205,0.28201628,0.06272771,0.1456536
1541856111828,0,0,0,0.9474521,0.28160822,0.061343525,0.13881016
1541856111849,0,0,0,0.94813377,0.2815917,0.060419723,0.13452923
1541856111870,0,0,0,0.94753015,0.28503934,0.059710726,0.13180971
1541856111892,0,0,0,0.9474626,0.28524792,0.059804343,0.1318016
1541856111909,0,0,0,0.94723326,0.28976494,0.058115482,0.12412906
1541856111929,0,0,0,0.9464034,0.293659,0.057734888,0.12145734
1541856111949,0,0,0,0.9450934,0.29711008,0.05902309,0.12263894
1541856111970,0,0,0,0.9438283,0.30058464,0.060653634,0.12311888
1541856111990,0,0,0,0.942969,0.30338624,0.061602727,0.12235737
1541856112011,0,0,0,0.9428314,0.30503643,0.06098304,0.11959481
1541856112030,0,0,0,0.9423223,0.3057504,0.060477193,0.122015834
1541856112053,0,0,0,0.94173115,0.3066421,0.059027866,0.12501502
1541856112073,0,0,0,0.9415449,0.30849203,0.056529664,0.12300515
1541856112094,0,0,0,0.94191754,0.31090954,0.053226255,0.115297675
1541856112112,0,0,0,0.9424267,0.31324425,0.04979882,0.10597205
1541856112131,0,0,0,0.94266224,0.31529745,0.046961684,0.098843694
1541856112151,0,0,0,0.9425722,0.3180616,0.044124402,0.09191108
1541856112172,0,0,0,0.94215506,0.32138097,0.042420715,0.08519864
1541856112191,0,0,0,0.94183636,0.32444355,0.041443113,0.07722175
1541856112212,0,0,0,0.9415776,0.32722396,0.040779203,0.06850743
1541856112232,0,0,0,0.94105804,0.32944685,0.041569177,0.064394474
1541856112255,0,0,0,0.94043094,0.331212,0.04282701,0.063672185
1541856112274,0,0,0,0.9398865,0.33300558,0.04278251,0.062372327
1541856112293,0,0,0,0.93930495,0.33486032,0.04212792,0.061644316
1541856112312,0,0,0,0.9385745,0.3368489,0.041252743,0.06252146
1541856112334,0,0,0,0.9378616,0.33924508,0.039535597,0.061362505
1541856112355,0,0,0,0.93723184,0.34200874,0.03707058,0.057028532
1541856112374,0,0,0,0.93684787,0.34433135,0.034475192,0.05063069
1541856112393,0,0,0,0.9368657,0.34578001,0.03139494,0.04163468
1541856112413,0,0,0,0.936989,0.34686992,0.027615406,0.031148553
1541856112438,0,0,0,0.93712693,0.3476038,0.023122545,0.020737767
1541856112454,0,0,0,0.93715,0.34833422,0.018014768,0.009415388
1541856112474,0,0,0,0.9367297,0.34975287,0.014439946,0.001383543
1541856112493,0,0,0,0.93581295,0.3522174,0.01097974,-0.0087503195
1541856112512,0,0,0,0.9345632,0.3552072,0.009011265,-0.018391967
1541856112538,0,0,0,0.93342286,0.3575997,0.007996851,-0.027934551
1541856112558,0,0,0,0.93267685,0.35894322,0.007659393,-0.034859896
1541856112577,0,0,0,0.9322923,0.35953003,0.007303509,-0.038935423
1541856112596,0,0,0,0.93182856,0.36047295,0.006869709,-0.041324675
1541856112615,0,0,0,0.931252,0.3617504,0.006463189,-0.043182135
1541856112636,0,0,0,0.9307674,0.36294946,0.0071055647,-0.043466628
1541856112657,0,0,0,0.93031454,0.3640555,0.007942747,-0.043765962
1541856112676,0,0,0,0.9298918,0.36491948,0.008353276,-0.04544419
1541856112694,0,0,0,0.9296671,0.3652151,0.008706564,-0.04755217
1541856112715,0,0,0,0.92948127,0.3652994,0.008229532,-0.05052948
1541856112738,0,0,0,0.92915124,0.36582482,0.0077769575,-0.052817404
1541856112758,0,0,0,0.92895174,0.36656114,0.009049592,-0.050988436
1541856112777,0,0,0,0.9289084,0.3669272,0.010565518,-0.048805535
1541856112795,0,0,0,0.92898005,0.36677504,0.011250413,-0.048431456
1541856112816,0,0,0,0.9289847,0.36659303,0.0109635275,-0.049767435
1541856112841,0,0,0,0.9290483,0.36646244,0.011226741,-0.049482107
1541856112849,0,0,0,0.9289877,0.36669675,0.011801115,-0.04874605
1541856112871,0,0,0,0.92843837,0.36807364,0.0123574715,-0.048696876
1541856112890,0,0,0,0.926948,0.37223917,0.014850652,-0.044551075
1541856112910,0,0,0,0.9262401,0.37412915,0.018939033,-0.041810513
1541856112929,0,0,0,0.9272144,0.3716935,0.023797223,-0.039384365
1541856112949,0,0,0,0.92902684,0.3679455,0.029184023,-0.025954485
1541856112970,0,0,0,0.93042594,0.36482736,0.0343372,-0.005438149
1541856112989,0,0,0,0.9306589,0.36361808,0.038657416,0.012714386
1541856113010,0,0,0,0.9301807,0.36342236,0.043544672,0.028140783
1541856113030,0,0,0,0.92959476,0.36315247,0.048765335,0.039947867
1541856113050,0,0,0,0.92944276,0.36225814,0.052168958,0.04672897
1541856113072,0,0,0,0.9295777,0.36118597,0.053478017,0.050695896
1541856113090,0,0,0,0.9294988,0.36060998,0.054324664,0.0551486
1541856113110,0,0,0,0.9293346,0.36105305,0.053671744,0.055654407
1541856113132,0,0,0,0.92908126,0.3613757,0.05388259,0.057552695
1541856113154,0,0,0,0.9289128,0.3611988,0.05497145,0.06028688
1541856113173,0,0,0,0.9291653,0.3609185,0.05420814,0.058748245
1541856113191,0,0,0,0.9293941,0.3602446,0.053993303,0.059456468
1541856113213,0,0,0,0.92992574,0.35956722,0.052271433,0.056721568
1541856113232,0,0,0,0.930359,0.35884324,0.05118906,0.055166483
1541856113256,0,0,0,0.93056655,0.35859427,0.050275467,0.05411482
1541856113276,0,0,0,0.93059516,0.35860953,0.049984965,0.05379033
1541856113294,0,0,0,0.9309082,0.35923344,0.047308777,0.046077847
1541856113314,0,0,0,0.9312041,0.35966438,0.04476274,0.038690567
1541856113334,0,0,0,0.93141836,0.35971698,0.04327755,0.03450489
1541856113353,0,0,0,0.9317155,0.359895,0.040536195,0.027179122
1541856113377,0,0,0,0.93188673,0.3599288,0.038846593,0.023008943
1541856113401,0,0,0,0.93214446,0.35986456,0.036270794,0.016992807
1541856113415,0,0,0,0.93247485,0.35961348,0.032998614,0.008945346
1541856113434,0,0,0,0.9328839,0.35889697,0.030228453,0.0026085377
1541856113455,0,0,0,0.9336096,0.3570911,0.029274015,0.0014951229
1541856113476,0,0,0,0.93451,0.35481885,0.028175939,-9.3239546E-4
1541856113494,0,0,0,0.9350882,0.3534067,0.026250197,-0.004969895
1541856113514,0,0,0,0.9353321,0.35282582,0.025421413,-0.004649222
1541856113535,0,0,0,0.9356108,0.35221386,0.022906259,-0.0073006153
1541856113555,0,0,0,0.9359823,0.3513362,0.020558193,-0.008794367
1541856113576,0,0,0,0.93623465,0.3507827,0.017744623,-0.010070622
1541856113595,0,0,0,0.93641555,0.35052854,0.013739831,-0.008173168
1541856113614,0,0,0,0.9366796,0.3499014,0.008202643,-0.0115305185
1541856113635,0,0,0,0.93691945,0.34902897,0.00283488,-0.01878196
1541856113658,0,0,0,0.93697584,0.34835395,-9.895513E-4,-0.026923299
1541856113677,0,0,0,0.9364801,0.34844112,-0.004789422,-0.039634347
1541856113695,0,0,0,0.93565065,0.34973243,-0.0061508724,-0.04698217
1541856113715,0,0,0,0.93460333,0.35170403,-0.0069926213,-0.05265075
1541856113734,0,0,0,0.93390423,0.3526973,-0.008419654,-0.05793637
1541856113759,0,0,0,0.934022,0.35215995,-0.00890712,-0.059219003
1541856113779,0,0,0,0.93481004,0.35074165,-0.006968378,-0.055335104
1541856113797,0,0,0,0.93523234,0.3498069,-0.0054680523,-0.05427456
1541856113818,0,0,0,0.9354097,0.34963638,-0.0037875033,-0.052429914
1541856113840,0,0,0,0.9355756,0.34963095,-0.0027466486,-0.04948634
1541856113860,0,0,0,0.935944,0.3492678,-0.0019033424,-0.044912994
1541856113884,0,0,0,0.93628246,0.348673,-0.0019974,-0.04240781
1541856113897,0,0,0,0.9364743,0.3484292,-0.0022457545,-0.040099323
1541856113917,0,0,0,0.9362561,0.34829658,-0.0047529107,-0.045731425
1541856113936,0,0,0,0.9359618,0.34827703,-0.0063268184,-0.051368833
1541856113956,0,0,0,0.9355849,0.3486261,-0.006998814,-0.055605173
1541856113977,0,0,0,0.93466115,0.34970507,-0.008820082,-0.06353897
1541856113995,0,0,0,0.9333623,0.3515815,-0.010551025,-0.07151145
1541856114016,0,0,0,0.93245196,0.35349464,-0.010482771,-0.07392603
1541856114036,0,0,0,0.9317462,0.35531756,-0.0102939,-0.074112415
1541856114057,0,0,0,0.9310073,0.35640725,-0.009494842,-0.078160584
1541856114076,0,0,0,0.9310178,0.3563597,-0.009352392,-0.07826954
1541856114096,0,0,0,0.93384725,0.35150382,-0.0085248435,-0.06558734
1541856114116,0,0,0,0.93389857,0.3513715,-0.0086761275,-0.065545976
1541856114138,0,0,0,0.93509454,0.34905547,-0.011144855,-0.060285687
1541856114159,0,0,0,0.93580097,0.3479306,-0.013814495,-0.055045724
1541856114179,0,0,0,0.93567413,0.34817356,-0.01594703,-0.055089056
1541856114197,0,0,0,0.9347735,0.3494371,-0.017530048,-0.061522484
1541856114216,0,0,0,0.9335473,0.35096028,-0.018876655,-0.070427954
1541856114241,0,0,0,0.93265605,0.35216847,-0.018757349,-0.07601488
1541856114260,0,0,0,0.93196046,0.35287493,-0.018032473,-0.08126414
1541856114279,0,0,0,0.9314172,0.3532037,-0.016879674,-0.086164296
1541856114294,0,0,0,0.9313664,0.3531918,-0.0151914265,-0.087072074
1541856114313,0,0,0,0.9318325,0.3525894,-0.013513073,-0.08477259
1541856114333,0,0,0,0.9325404,0.35177857,-0.01294987,-0.08032876
1541856114354,0,0,0,0.93268526,0.35177398,-0.012903552,-0.078656435
1541856114374,0,0,0,0.9320555,0.35312194,-0.011422759,-0.08029401
1541856114397,0,0,0,0.93142664,0.354764,-0.007512843,-0.08081174
1541856114414,0,0,0,0.93110263,0.35586646,-0.003881413,-0.07994962
1541856114431,0,0,0,0.9314302,0.3556834,-0.001026708,-0.07698089
1541856114451,0,0,0,0.93283874,0.3540757,0.002031656,-0.06661981
1541856114472,0,0,0,0.9344021,0.35221812,0.00453458,-0.053052127
1541856114493,0,0,0,0.93524903,0.35151324,0.007268274,-0.04116857
1541856114520,0,0,0,0.9353807,0.35182613,0.010642442,-0.034178793
1541856114539,0,0,0,0.93510914,0.352536,0.013071758,-0.03344232
1541856114560,0,0,0,0.93511224,0.35221648,0.013768784,-0.036319733
1541856114580,0,0,0,0.93539923,0.35126162,0.013517361,-0.03822148
1541856114598,0,0,0,0.93569136,0.3504123,0.012303325,-0.03926444
1541856114618,0,0,0,0.93571293,0.34995735,0.009038212,-0.043468356
1541856114639,0,0,0,0.9354772,0.34994295,0.0059238225,-0.048859835
1541856114660,0,0,0,0.9350453,0.35025662,0.0034907972,-0.054757416
1541856114678,0,0,0,0.9344357,0.35042167,8.2162826E-4,-0.0635131
1541856114697,0,0,0,0.9341446,0.35007668,-6.761471E-4,-0.06942439
1541856114717,0,0,0,0.9335671,0.34953102,-0.004008159,-0.07914859
1541856114740,0,0,0,0.9331514,0.34886217,-0.007211412,-0.08643949
1541856114760,0,0,0,0.93283486,0.34795636,-0.010564198,-0.092918396
1541856114778,0,0,0,0.9328949,0.3467399,-0.012974485,-0.09648955
1541856114797,0,0,0,0.93298864,0.3455442,-0.014983701,-0.09953356
1541856114817,0,0,0,0.932623,0.34462482,-0.017582033,-0.10554111
1541856114839,0,0,0,0.9325016,0.34434032,-0.018221669,-0.10741705
1541856114859,0,0,0,0.9323793,0.34403667,-0.018843835,-0.109327435
1541856114880,0,0,0,0.93246496,0.3431006,-0.019822212,-0.11134726
1541856114898,0,0,0,0.93296254,0.34164855,-0.020920452,-0.11144382
1541856114916,0,0,0,0.9338441,0.3403706,-0.021108355,-0.10787696
1541856114940,0,0,0,0.9341081,0.33986527,-0.022025893,-0.106998146
1541856114964,0,0,0,0.93383837,0.3400771,-0.02279466,-0.10850769
1541856114980,0,0,0,0.93356293,0.34095028,-0.02266584,-0.10816425
1541856114997,0,0,0,0.93328226,0.3416749,-0.023293255,-0.108166575
1541856115017,0,0,0,0.9330181,0.34178543,-0.024951145,-0.10971576
1541856115041,0,0,0,0.9331311,0.34141222,-0.026309289,-0.109598875
1541856115059,0,0,0,0.9330926,0.34048826,-0.028286457,-0.11227608
1541856115078,0,0,0,0.9322498,0.33954683,-0.03180482,-0.12085825
1541856115098,0,0,0,0.9313089,0.33896706,-0.034598812,-0.12871695
1541856115116,0,0,0,0.9304668,0.3386514,-0.03686091,-0.13486397
1541856115139,0,0,0,0.930259,0.33837134,-0.037725136,-0.1367476
1541856115160,0,0,0,0.9300972,0.3382732,-0.03850794,-0.13786852
1541856115179,0,0,0,0.9300942,0.33842757,-0.038635682,-0.13747317
1541856115196,0,0,0,0.9301474,0.33871406,-0.03843541,-0.13646
1541856115218,0,0,0,0.93001235,0.33904165,-0.038547803,-0.13653553
1541856115239,0,0,0,0.9301898,0.3394171,-0.03804249,-0.13452065
1541856115259,0,0,0,0.9309217,0.339397,-0.036784355,-0.12977481
1541856115279,0,0,0,0.93140113,0.33907104,-0.036159627,-0.12733972
1541856115298,0,0,0,0.93132526,0.33855134,-0.036682244,-0.12911487
1541856115318,0,0,0,0.9308018,0.33770233,-0.038393456,-0.13450307
1541856115340,0,0,0,0.93046826,0.3371799,-0.03939498,-0.1377917
1541856115360,0,0,0,0.93066245,0.33714998,-0.038942236,-0.1366778
1541856115378,0,0,0,0.9310777,0.33753783,-0.037649743,-0.1332103
1541856115397,0,0,0,0.93158674,0.3379886,-0.035971485,-0.12890309
1541856115416,0,0,0,0.9316139,0.33840868,-0.035326455,-0.12777776
1541856115436,0,0,0,0.9316179,0.33854347,-0.035124257,-0.12744665
1541856115460,0,0,0,0.93180865,0.3383091,-0.03481948,-0.12675637
1541856115478,0,0,0,0.93184656,0.3384029,-0.034625605,-0.12627959
1541856115496,0,0,0,0.9316552,0.3387344,-0.034645118,-0.12679684
1541856115516,0,0,0,0.931397,0.33906403,-0.0349056,-0.12773728
1541856115536,0,0,0,0.931033,0.33928925,-0.035558473,-0.1295991
1541856115560,0,0,0,0.9307085,0.33944434,-0.036195226,-0.13133615
1541856115580,0,0,0,0.93082243,0.33932912,-0.036310747,-0.13079315
1541856115596,0,0,0,0.9312306,0.33904082,-0.03587678,-0.128739
1541856115619,0,0,0,0.93126863,0.3385981,-0.036105998,-0.12956232
1541856115638,0,0,0,0.9312919,0.338546,-0.036127407,-0.1295253
1541856115662,0,0,0,0.93130016,0.33873472,-0.035847913,-0.12904918
1541856115679,0,0,0,0.9314155,0.3387335,-0.035324853,-0.12836272
1541856115699,0,0,0,0.93104106,0.3382273,-0.036290154,-0.1320908
1541856115721,0,0,0,0.93054014,0.33809364,-0.037166182,-0.13567042
1541856115742,0,0,0,0.92999256,0.33849034,-0.037796702,-0.138237
1541856115760,0,0,0,0.9294194,0.338851,-0.038544282,-0.14097512
1541856115780,0,0,0,0.929096,0.3385793,-0.03910205,-0.14358187
1541856115799,0,0,0,0.92902744,0.338111,-0.039472695,-0.14502013
1541856115819,0,0,0,0.9291389,0.33813503,-0.039431248,-0.14425957
1541856115843,0,0,0,0.92950445,0.33846965,-0.038329735,-0.14138842
1541856115861,0,0,0,0.9298228,0.33891144,-0.03693177,-0.1385808
1541856115881,0,0,0,0.9301108,0.33904624,-0.035880897,-0.13658011
1541856115900,0,0,0,0.9302673,0.33872736,-0.03557238,-0.13638633
1541856115922,0,0,0,0.9306631,0.33856374,-0.034680422,-0.13430655
1541856115943,0,0,0,0.93089014,0.3385066,-0.034064945,-0.1330285
1541856115962,0,0,0,0.9314346,0.33857056,-0.032598436,-0.12937129
1541856115982,0,0,0,0.9314791,0.33866,-0.032403175,-0.12886512
1541856116002,0,0,0,0.9309845,0.33884057,-0.033404678,-0.13167787
1541856116022,0,0,0,0.930804,0.33891255,-0.033685327,-0.13269389
1541856116044,0,0,0,0.9305492,0.33880672,-0.03411899,-0.13462591
1541856116062,0,0,0,0.9304333,0.33897066,-0.034134727,-0.1350103
1541856116082,0,0,0,0.9300865,0.33909112,-0.034746394,-0.13692725
1541856116101,0,0,0,0.9303289,0.3392319,-0.03400432,-0.13510573
1541856116124,0,0,0,0.93004423,0.33939445,-0.03447846,-0.13652992
1541856116141,0,0,0,0.9299042,0.3392034,-0.034898426,-0.1378454
1541856116162,0,0,0,0.9302564,0.33875906,-0.034280125,-0.1367122
1541856116183,0,0,0,0.930143,0.33843437,-0.034632012,-0.13819134
1541856116200,0,0,0,0.9301255,0.3385536,-0.0344041,-0.13807428
1541856116225,0,0,0,0.92966086,0.33889094,-0.03503634,-0.14020044
1541856116245,0,0,0,0.92901975,0.33908677,-0.0361399,-0.1436544
1541856116267,0,0,0,0.92796355,0.33873823,-0.038545355,-0.15051365
1541856116285,0,0,0,0.9277758,0.33822572,-0.039400764,-0.15258777
1541856116305,0,0,0,0.927992,0.33800632,-0.039356694,-0.15176845
1541856116318,0,0,0,0.92820853,0.33788142,-0.03944305,-0.15069604
1541856116338,0,0,0,0.92888904,0.3374478,-0.03850524,-0.14768726
1541856116355,0,0,0,0.9291325,0.33656296,-0.03850895,-0.14817274
1541856116374,0,0,0,0.9300867,0.335359,-0.03744779,-0.14515811
1541856116394,0,0,0,0.9315255,0.33403867,-0.035828892,-0.13926488
1541856116417,0,0,0,0.9331924,0.33271796,-0.03389201,-0.13153744
1541856116438,0,0,0,0.93430036,0.3315853,-0.0328651,-0.12670434
1541856116461,0,0,0,0.93494725,0.33083075,-0.032765973,-0.12389934
1541856116479,0,0,0,0.93488723,0.33067718,-0.033595897,-0.1245383
1541856116497,0,0,0,0.9342676,0.3310999,-0.03474269,-0.12771034
1541856116519,0,0,0,0.93407327,0.33180356,-0.03432051,-0.12741947
1541856116540,0,0,0,0.93357646,0.33206856,-0.034991425,-0.13015771
1541856116559,0,0,0,0.9331438,0.33199883,-0.036116462,-0.133098
1541856116578,0,0,0,0.9324479,0.332022,-0.03780042,-0.13738126
1541856116599,0,0,0,0.93165827,0.33215025,-0.039404005,-0.14190334
1541856116617,0,0,0,0.9305974,0.332263,-0.041554276,-0.1478616
1541856116640,0,0,0,0.9304127,0.33212528,-0.042294852,-0.14911777
1541856116660,0,0,0,0.93075305,0.3317057,-0.042361014,-0.14790487
1541856116679,0,0,0,0.9314242,0.33162463,-0.041348103,-0.14409924
1541856116698,0,0,0,0.9311398,0.33194715,-0.041634742,-0.14510775
1541856116719,0,0,0,0.9306437,0.33233342,-0.041899487,-0.14731419
1541856116741,0,0,0,0.93013585,0.33287033,-0.04163019,-0.14937043
1541856116760,0,0,0,0.9294493,0.33366966,-0.041530624,-0.15186757
1541856116780,0,0,0,0.92941326,0.33442825,-0.040085047,-0.15080422
1541856116799,0,0,0,0.9290237,0.33495644,-0.039697975,-0.15212941
1541856116819,0,0,0,0.9287993,0.33542585,-0.03937293,-0.15254909
1541856116839,0,0,0,0.9284027,0.33573306,-0.03989795,-0.15414238
1541856116860,0,0,0,0.92881095,0.33575988,-0.038896207,-0.1518637
1541856116880,0,0,0,0.92963547,0.33590874,-0.037203416,-0.14683044
1541856116963,0,0,0,0.9302868,0.33635896,-0.03601132,-0.14188868
1541856116970,0,0,0,0.9310245,0.33726984,-0.033975944,-0.13523364
1541856116980,0,0,0,0.9311524,0.33838,-0.03239032,-0.13192838
1541856116986,0,0,0,0.9308182,0.33952758,-0.03143108,-0.13156962
1541856116995,0,0,0,0.93054885,0.3404119,-0.03044786,-0.13142139
1541856117002,0,0,0,0.9300427,0.34101927,-0.030140957,-0.13348395
1541856117017,0,0,0,0.9297687,0.34108502,-0.029614396,-0.13532996
1541856117036,0,0,0,0.92957777,0.34057087,-0.029722454,-0.13788861
1541856117056,0,0,0,0.9299059,0.34017807,-0.029085333,-0.13677698
1541856117076,0,0,0,0.9302421,0.3401647,-0.028403012,-0.13465095
1541856117095,0,0,0,0.930578,0.34051308,-0.027148273,-0.1316756
1541856117119,0,0,0,0.9312282,0.34054476,-0.024875006,-0.12737507
1541856117135,0,0,0,0.9320228,0.3414633,-0.021017624,-0.119559646
1541856117153,0,0,0,0.9319381,0.3450882,-0.017005444,-0.11007416
1541856117174,0,0,0,0.9325164,0.3471455,-0.011383089,-0.09886229
1541856117194,0,0,0,0.9338134,0.34574544,-0.005453123,-0.09177691
1541856117216,0,0,0,0.93571085,0.34359282,-9.4307394E-4,-0.07992715
1541856117235,0,0,0,0.93742836,0.3426997,0.0032633946,-0.06143576
1541856117257,0,0,0,0.93807524,0.34332323,0.0072657624,-0.04573065
1541856117276,0,0,0,0.9382049,0.34439978,0.012557993,-0.03166592
1541856117296,0,0,0,0.93824804,0.34473953,0.016137004,-0.024187326
1541856117317,0,0,0,0.93844336,0.3443828,0.018300083,-0.019741058
1541856117336,0,0,0,0.9386137,0.34400442,0.018284708,-0.018192291
1541856117356,0,0,0,0.9386839,0.3439067,0.017970141,-0.016668558
1541856117379,0,0,0,0.93851686,0.34424827,0.016237719,-0.020385504
1541856117398,0,0,0,0.93826157,0.34469435,0.0145268375,-0.02529949
1541856117416,0,0,0,0.9379256,0.34501445,0.011686959,-0.033526063
1541856117436,0,0,0,0.9375212,0.34518042,0.008416332,-0.04282093
1541856117460,0,0,0,0.9372374,0.34520972,0.006027727,-0.048785985
1541856117479,0,0,0,0.93709636,0.34506163,0.0043214383,-0.052577734
1541856117496,0,0,0,0.9370761,0.3449485,0.003799811,-0.05370772
1541856117516,0,0,0,0.937,0.34473467,0.0027972625,-0.056403935
1541856117536,0,0,0,0.937319,0.3444472,0.0038218335,-0.052677214
1541856117560,0,0,0,0.93762237,0.34420422,0.00499431,-0.04860896
1541856117580,0,0,0,0.93775165,0.34431478,0.0062768576,-0.045053363
1541856117597,0,0,0,0.9376197,0.34451848,0.006022459,-0.046261966
1541856117618,0,0,0,0.9373675,0.34474966,0.005065987,-0.049642563
1541856117637,0,0,0,0.93727416,0.3449713,0.005157282,-0.0498538
1541856117660,0,0,0,0.9371917,0.34518167,0.005116275,-0.049952686
1541856117681,0,0,0,0.9372597,0.34545913,0.0064838347,-0.04647851
1541856117699,0,0,0,0.93706405,0.34561816,0.00582547,-0.04924625
1541856117717,0,0,0,0.9369632,0.34561923,0.005257943,-0.05118251
1541856117737,0,0,0,0.9369705,0.3455357,0.005016347,-0.051638007
1541856117760,0,0,0,0.936814,0.34597445,0.004853701,-0.051552355
1541856117780,0,0,0,0.93689716,0.3462519,0.006239465,-0.04790026
1541856117799,0,0,0,0.9370658,0.34606272,0.0070845457,-0.04580623
1541856117817,0,0,0,0.9372242,0.3455415,0.006534816,-0.04657471
1541856117837,0,0,0,0.9373287,0.34485814,0.0047427905,-0.04965371
1541856117859,0,0,0,0.93756235,0.34422293,0.0041441284,-0.049701452
1541856117878,0,0,0,0.9374717,0.3443763,0.0034188144,-0.05039972
1541856117898,0,0,0,0.93719965,0.34522203,0.0032522706,-0.04967898
1541856117918,0,0,0,0.93707705,0.34576362,0.0034351866,-0.048190415
1541856117950,0,0,0,0.9370559,0.34573552,0.0029502916,-0.04883176
1541856117959,0,0,0,0.9369589,0.34553114,0.0013026726,-0.052101433
1541856117979,0,0,0,0.93637496,0.34595484,-0.0018930348,-0.059275746
1541856117998,0,0,0,0.9357451,0.34663796,-0.0042121946,-0.064849794
1541856118017,0,0,0,0.9351742,0.3471846,-0.0059030843,-0.069837034
1541856118038,0,0,0,0.9347657,0.3470821,-0.0077315457,-0.07541555
1541856118060,0,0,0,0.93399835,0.3466894,-0.011513878,-0.08556259
1541856118079,0,0,0,0.93294877,0.3464829,-0.015644297,-0.09649694
1541856118099,0,0,0,0.93176335,0.34683818,-0.019040564,-0.10563141
1541856118118,0,0,0,0.9308073,0.3471537,-0.021264277,-0.11238325
1541856118138,0,0,0,0.9307575,0.34700915,-0.021123687,-0.11326486
1541856118161,0,0,0,0.93067265,0.34668562,-0.021449316,-0.11488038
1541856118179,0,0,0,0.9303625,0.3464262,-0.022598634,-0.117915094
1541856118198,0,0,0,0.9301819,0.34650743,-0.022792535,-0.119057596
1541856118220,0,0,0,0.9302193,0.34701577,-0.021361388,-0.11754072
1541856118241,0,0,0,0.9300214,0.3476051,-0.020124104,-0.11758387
1541856118264,0,0,0,0.92996275,0.3481707,-0.018528087,-0.11663252
1541856118284,0,0,0,0.9291379,0.35020974,-0.017428502,-0.11727005
1541856118296,0,0,0,0.9285153,0.35081497,-0.01753024,-0.120336354
1541856118315,0,0,0,0.92908686,0.34911886,-0.017151158,-0.12091082
1541856118335,0,0,0,0.930803,0.34600565,-0.014661836,-0.116922975
1541856118354,0,0,0,0.9314532,0.34655604,-0.011595293,-0.110269845
1541856118377,0,0,0,0.93172604,0.34801748,-0.008660999,-0.10341883
1541856118396,0,0,0,0.9327663,0.34824792,-0.004749951,-0.09299427
1541856118416,0,0,0,0.9342155,0.34797594,7.2996554E-5,-0.078448474
1541856118436,0,0,0,0.9356786,0.347528,0.0061668707,-0.060760558
1541856118459,0,0,0,0.936955,0.3468633,0.01305766,-0.04038483
1541856118476,0,0,0,0.9376242,0.34639487,0.018646235,-0.02288574
1541856118499,0,0,0,0.9377517,0.34642732,0.023674266,-0.007040441
1541856118528,0,0,0,0.9376393,0.34647974,0.027602049,0.004739523
1541856118549,0,0,0,0.9374838,0.34619346,0.031502854,0.016789913
1541856118558,0,0,0,0.9371744,0.34586772,0.03526446,0.028915524
1541856118578,0,0,0,0.9367969,0.34575665,0.037990436,0.03769231
1541856118596,0,0,0,0.93647456,0.3457442,0.03970336,0.043588996
1541856118619,0,0,0,0.93622947,0.34547955,0.04125996,0.04915166
1541856118635,0,0,0,0.935842,0.3450957,0.043587603,0.05664766
1541856118655,0,0,0,0.9354597,0.34461513,0.045884132,0.06364155
1541856118679,0,0,0,0.9349899,0.34410974,0.04809456,0.07119858
1541856118696,0,0,0,0.93450516,0.34376228,0.050067693,0.07759535
1541856118715,0,0,0,0.9341608,0.3438485,0.051039197,0.0806644
1541856118735,0,0,0,0.9338816,0.3439648,0.051774193,0.08290243
1541856118759,0,0,0,0.933565,0.34367532,0.053120255,0.08672953
1541856118776,0,0,0,0.93355215,0.34349763,0.05329177,0.08746278
1541856118796,0,0,0,0.9338001,0.34351534,0.052321456,0.085306644
1541856118814,0,0,0,0.9341012,0.34372827,0.05088532,0.08195436
1541856118835,0,0,0,0.93423784,0.34405658,0.04986935,0.07961023
1541856118855,0,0,0,0.9347452,0.34448653,0.047248174,0.07313025
1541856118878,0,0,0,0.9352829,0.34453157,0.04481545,0.067347765
1541856118895,0,0,0,0.93577546,0.34450483,0.042662237,0.061811686
1541856118915,0,0,0,0.936152,0.34468755,0.040663626,0.056183577
1541856118935,0,0,0,0.9361738,0.34485608,0.04033493,0.05500889
1541856118954,0,0,0,0.9362161,0.34523386,0.039512392,0.05245912
1541856118979,0,0,0,0.93640226,0.34537563,0.03841619,0.04889524
1541856118995,0,0,0,0.9370127,0.34550413,0.0344539,0.038040042
1541856119015,0,0,0,0.9372364,0.34527028,0.03325854,0.035642743
1541856119035,0,0,0,0.93739134,0.345257,0.03190527,0.032821774
1541856119055,0,0,0,0.9375391,0.34564582,0.029403517,0.026172161
1541856119077,0,0,0,0.9376342,0.34616822,0.02640446,0.017676592
1541856119095,0,0,0,0.93771935,0.34653524,0.023064353,0.007992625
1541856119115,0,0,0,0.9378022,0.34653306,0.020924732,0.0020576715
1541856119135,0,0,0,0.9378858,0.34639275,0.019454032,-0.0019522905
1541856119155,0,0,0,0.9379587,0.34619823,0.019359821,-0.002323866
1541856119178,0,0,0,0.9380564,0.34596333,0.018153518,-0.0054778457
1541856119197,0,0,0,0.9380838,0.34587675,0.016432563,-0.009899914
1541856119216,0,0,0,0.93805814,0.3459484,0.01702316,-0.008765638
1541856119235,0,0,0,0.93812,0.34577262,0.018416299,-0.0057430863
1541856119256,0,0,0,0.93823206,0.34545258,0.01929908,-0.003268659
1541856119277,0,0,0,0.93831456,0.34523013,0.019249324,-0.0033723712
1541856119297,0,0,0,0.93828636,0.34526008,0.020347511,-3.9327145E-4
1541856119316,0,0,0,0.93821675,0.34540674,0.021040326,0.0010049343
1541856119336,0,0,0,0.93825024,0.34532472,0.020913366,1.6248226E-4
1541856119356,0,0,0,0.938392,0.34496394,0.020488188,-8.112788E-4
1541856119377,0,0,0,0.93850833,0.34467137,0.020068873,-0.0010851026
1541856119396,0,0,0,0.9384726,0.34482703,0.017887337,-0.006601393
1541856119416,0,0,0,0.93825793,0.34532768,0.015608843,-0.013312221
1541856119442,0,0,0,0.9377884,0.34630084,0.012980069,-0.02145058
1541856119459,0,0,0,0.93762034,0.3462212,0.00998446,-0.029987514
1541856119477,0,0,0,0.93765897,0.34562078,0.007927782,-0.03576559
1541856119496,0,0,0,0.93772864,0.34544182,0.008618802,-0.03550762
1541856119516,0,0,0,0.938242,0.3445869,0.011236864,-0.028904855
1541856119537,0,0,0,0.93866,0.3440499,0.01385444,-0.018844843
1541856119555,0,0,0,0.9385295,0.34466982,0.017632524,-0.0073689222
1541856119577,0,0,0,0.9383353,0.3449935,0.022237225,0.0034706593
1541856119596,0,0,0,0.93819034,0.3445054,0.027947875,0.018270731
1541856119616,0,0,0,0.9380129,0.34352136,0.03265342,0.03253758
1541856119636,0,0,0,0.93777806,0.34298667,0.035129793,0.04121101
1541856119656,0,0,0,0.9375009,0.34275085,0.03712708,0.047281742
1541856119678,0,0,0,0.937232,0.34259197,0.038808864,0.05216098
1541856119699,0,0,0,0.93701136,0.34239104,0.040200956,0.056232452
1541856119716,0,0,0,0.93666345,0.3420922,0.04228167,0.06202233
1541856119735,0,0,0,0.93666387,0.3422018,0.042149603,0.061499238
1541856119757,0,0,0,0.9368377,0.3419565,0.04183336,0.060422897
1541856119780,0,0,0,0.93679076,0.34170842,0.042463113,0.06209278
1541856119804,0,0,0,0.93659437,0.34154484,0.043592315,0.06510019
1541856119821,0,0,0,0.9364459,0.34149045,0.04430752,0.06700933
1541856119838,0,0,0,0.93633634,0.34156704,0.044712566,0.06787467
1541856119859,0,0,0,0.93619883,0.34194386,0.044921782,0.0677377
1541856119884,0,0,0,0.9361735,0.34237623,0.044478748,0.06617713
1541856119896,0,0,0,0.93614775,0.34255382,0.044333212,0.06571829
1541856119918,0,0,0,0.93614703,0.3427163,0.043946516,0.06513846
1541856119941,0,0,0,0.9361491,0.3426575,0.04370072,0.0655812
1541856119956,0,0,0,0.9360821,0.34259441,0.043777283,0.06680536
1541856119976,0,0,0,0.93592834,0.3428499,0.043915574,0.06755507
1541856119996,0,0,0,0.93602085,0.3429634,0.04342651,0.06599426
1541856120017,0,0,0,0.936135,0.34280178,0.04321692,0.06534922
1541856120037,0,0,0,0.9361431,0.3431208,0.04276895,0.063836575
1541856120057,0,0,0,0.93599063,0.34357986,0.04279121,0.06358755
1541856120080,0,0,0,0.9357395,0.34385028,0.04340957,0.06537843
1541856120097,0,0,0,0.9357313,0.34407562,0.04300532,0.06457138
1541856120117,0,0,0,0.9357711,0.34445375,0.042154282,0.06250799
1541856120137,0,0,0,0.9360002,0.34503642,0.040031582,0.05701685
1541856120159,0,0,0,0.93634653,0.34551182,0.037322506,0.049837947
1541856120178,0,0,0,0.9366269,0.3459131,0.03487048,0.043109298
1541856120197,0,0,0,0.9369664,0.34612027,0.032089353,0.035565972
1541856120217,0,0,0,0.9372623,0.3462845,0.029397909,0.027608514
1541856120240,0,0,0,0.93741006,0.34659111,0.026989821,0.020211816
1541856120260,0,0,0,0.9374898,0.34681922,0.02495029,0.014385581
1541856120278,0,0,0,0.9375365,0.34704635,0.02260905,0.008541822
1541856120297,0,0,0,0.93745214,0.34731138,0.02226764,0.007902741
1541856120317,0,0,0,0.9373473,0.34763864,0.021881958,0.006984353
1541856120337,0,0,0,0.93727314,0.3478246,0.0220269,0.007212043
1541856120360,0,0,0,0.9372282,0.34790674,0.022444855,0.007772684
1541856120378,0,0,0,0.9372935,0.34774706,0.02246192,0.0069488287
1541856120397,0,0,0,0.9373675,0.3476826,0.021220865,0.0029454231
1541856120417,0,0,0,0.9373151,0.347898,0.020173742,-6.7436695E-4
1541856120437,0,0,0,0.9371635,0.34833217,0.019451438,-0.0033151507
1541856120459,0,0,0,0.9371175,0.34847155,0.018215874,-0.006822169
1541856120478,0,0,0,0.93712926,0.3484256,0.017497744,-0.0090661645
1541856120498,0,0,0,0.9371234,0.34841856,0.016924955,-0.010850489
1541856120517,0,0,0,0.93701744,0.34867817,0.016262619,-0.012545645
1541856120538,0,0,0,0.93680245,0.34921077,0.015728548,-0.014341176
1541856120560,0,0,0,0.93670076,0.34944946,0.016020965,-0.0148380995
1541856120578,0,0,0,0.93674153,0.3492838,0.015893457,-0.016232848
1541856120598,0,0,0,0.93687856,0.34888658,0.01581336,-0.01693052
1541856120617,0,0,0,0.9368454,0.34899127,0.015673144,-0.016738772
1541856120638,0,0,0,0.93676895,0.34915063,0.0150347715,-0.018217444
1541856120660,0,0,0,0.93682045,0.34897116,0.014822224,-0.019153237
1541856120678,0,0,0,0.9369452,0.3486114,0.014796582,-0.019617498
1541856120698,0,0,0,0.93697065,0.34849963,0.014137155,-0.020837009
1541856120718,0,0,0,0.9369612,0.34847483,0.013368579,-0.022147298
1541856120738,0,0,0,0.9369889,0.34849188,0.013939846,-0.020271719
1541856120760,0,0,0,0.93700236,0.34853193,0.014653631,-0.018366635
1541856120778,0,0,0,0.9371224,0.3482298,0.01497966,-0.017700613
1541856120798,0,0,0,0.93735963,0.34763458,0.015428135,-0.016409159
1541856120819,0,0,0,0.93751574,0.34725824,0.015871666,-0.014967918
1541856120839,0,0,0,0.9374843,0.3473779,0.016355203,-0.01357311
1541856120859,0,0,0,0.9374155,0.34758607,0.017505167,-0.011389017
1541856120880,0,0,0,0.9373716,0.34769726,0.018309046,-0.010285735
1541856120898,0,0,0,0.93745714,0.34747764,0.019758118,-0.006572962
1541856120918,0,0,0,0.93756765,0.347074,0.022460798,0.001508832
1541856120937,0,0,0,0.9375379,0.34677783,0.025578456,0.010658622
1541856120957,0,0,0,0.9373235,0.3466234,0.029271152,0.020495415
1541856120979,0,0,0,0.9371548,0.3463206,0.03218134,0.027699113
1541856120997,0,0,0,0.936794,0.3459513,0.03604731,0.037885785
1541856121017,0,0,0,0.93636495,0.34530202,0.04002491,0.048839092
1541856121037,0,0,0,0.93579644,0.3444481,0.044195775,0.060722828
1541856121057,0,0,0,0.9353233,0.34409067,0.046796408,0.06769085
1541856121080,0,0,0,0.93514323,0.3444376,0.047332134,0.068041325
1541856121097,0,0,0,0.9351066,0.3445597,0.047554214,0.067771435
1541856121117,0,0,0,0.93509173,0.34438422,0.047974665,0.06856668
1541856121137,0,0,0,0.9349189,0.34431413,0.04863893,0.07077241
1541856121161,0,0,0,0.9349679,0.3446311,0.04794302,0.06903684
1541856121179,0,0,0,0.9349729,0.3445534,0.047948033,0.0693531
1541856121198,0,0,0,0.93593717,0.34474602,0.0433969,0.0573467
1541856121217,0,0,0,0.9363179,0.34491497,0.041177265,0.051448107
1541856121237,0,0,0,0.9364964,0.345294,0.03961637,0.046660185
1541856121259,0,0,0,0.936809,0.3451595,0.038569365,0.04202783
1541856121278,0,0,0,0.9371511,0.34476718,0.03738017,0.038553476
1541856121297,0,0,0,0.93759584,0.34417868,0.03556792,0.034496427
1541856121318,0,0,0,0.93796515,0.34359205,0.034143317,0.031627297
1541856121338,0,0,0,0.9380962,0.34355956,0.032914482,0.029307365
1541856121357,0,0,0,0.93804175,0.34358364,0.03305149,0.03058672
1541856121379,0,0,0,0.93790704,0.34382066,0.03329447,0.031768084
1541856121399,0,0,0,0.937818,0.3438649,0.033849616,0.033295393
1541856121419,0,0,0,0.93779314,0.34377363,0.034110576,0.034646153
1541856121438,0,0,0,0.9376822,0.3435355,0.035271857,0.038619876
1541856121461,0,0,0,0.93760264,0.34348565,0.035863273,0.04040706
1541856121481,0,0,0,0.93760717,0.34369895,0.035305526,0.0389539
1541856121498,0,0,0,0.9377021,0.34336725,0.03528621,0.03960538
1541856121519,0,0,0,0.93789923,0.34261918,0.035328377,0.041341424
1541856121537,0,0,0,0.9380462,0.342176,0.034635194,0.042253017
1541856121557,0,0,0,0.9377992,0.34230447,0.0351871,0.046067
1541856121578,0,0,0,0.93753046,0.34264854,0.036030598,0.048276186
1541856121598,0,0,0,0.9374944,0.34294862,0.03597779,0.046862364
1541856121617,0,0,0,0.937533,0.34269813,0.03647508,0.047533035
1541856121638,0,0,0,0.9377165,0.34241778,0.036006574,0.046275735
1541856121658,0,0,0,0.93792003,0.34256843,0.034407273,0.042060256
1541856121679,0,0,0,0.938058,0.34295246,0.032532427,0.037047505
1541856121698,0,0,0,0.9381821,0.34286296,0.03188979,0.035247803
1541856121718,0,0,0,0.9385864,0.34257254,0.029422898,0.028877497
1541856121738,0,0,0,0.9389132,0.34244153,0.026570152,0.02167523
1541856121759,0,0,0,0.93920445,0.34221065,0.023984177,0.014546514
1541856121778,0,0,0,0.9394994,0.34185347,0.02105458,0.0058174133
1541856121801,0,0,0,0.93974066,0.34132227,0.019531857,0.002300024
1541856121820,0,0,0,0.9398419,0.3411413,0.017859425,-9.151697E-4
1541856121839,0,0,0,0.93982685,0.3412117,0.01724622,-0.0016396046
1541856121860,0,0,0,0.9398149,0.34126845,0.016543638,-0.0031820536
1541856121882,0,0,0,0.9398773,0.34109414,0.016105536,-0.0051118135
1541856121900,0,0,0,0.9399161,0.34096512,0.015884632,-0.0069559216
1541856121924,0,0,0,0.9398895,0.3410061,0.016038274,-0.0080859065
1541856121939,0,0,0,0.9398731,0.34102258,0.016166598,-0.008991122
1541856121964,0,0,0,0.93991935,0.34088624,0.01648075,-0.008751571
1541856121985,0,0,0,0.93998945,0.34068775,0.017950013,-0.005452335
1541856122004,0,0,0,0.93998694,0.34066826,0.01867815,-0.0045660734
1541856122023,0,0,0,0.94004005,0.3404978,0.01789148,-0.00811559
1541856122043,0,0,0,0.9400799,0.340305,0.016531877,-0.012997687
1541856122066,0,0,0,0.94008607,0.34012648,0.014650744,-0.018376827
1541856122084,0,0,0,0.939999,0.33994344,0.011721618,-0.026513875
1541856122103,0,0,0,0.93975395,0.34006914,0.00902394,-0.033676922
1541856122123,0,0,0,0.93940395,0.34033796,0.0063189534,-0.040625215
1541856122146,0,0,0,0.93906975,0.34033626,0.0035836003,-0.048024774
1541856122164,0,0,0,0.9388773,0.3398563,0.0010767191,-0.054827392
1541856122185,0,0,0,0.93867993,0.3392088,-0.0018478963,-0.061758876
1541856122202,0,0,0,0.93848354,0.3385462,-0.0044811442,-0.067934036
1541856122224,0,0,0,0.93829894,0.33772793,-0.007026775,-0.07406443
1541856122247,0,0,0,0.93812805,0.33759737,-0.00839163,-0.07663864
1541856122267,0,0,0,0.93687487,0.34030297,-0.010319328,-0.079705
1541856122287,0,0,0,0.93552506,0.34272775,-0.011249373,-0.08487642
1541856122305,0,0,0,0.9351925,0.3413351,-0.012634347,-0.093518555
1541856122325,0,0,0,0.93645746,0.33682597,-0.014958475,-0.09680891
1541856122349,0,0,0,0.93877244,0.33123764,-0.017357746,-0.09320283
1541856122365,0,0,0,0.94100404,0.32660982,-0.01942424,-0.08637285
1541856122381,0,0,0,0.94171727,0.324721,-0.022762781,-0.08489299
1541856122400,0,0,0,0.9414385,0.32525054,-0.02448492,-0.0854767
1541856122421,0,0,0,0.94041234,0.32727313,-0.024512606,-0.08897245
1541856122441,0,0,0,0.9387923,0.32959187,-0.024256969,-0.09721029
1541856122462,0,0,0,0.9374903,0.33042866,-0.024645558,-0.106402576
1541856122481,0,0,0,0.9374456,0.3287717,-0.025696527,-0.111555815
1541856122501,0,0,0,0.9384668,0.32609138,-0.027066553,-0.11050743
1541856122521,0,0,0,0.93917406,0.32439393,-0.028572774,-0.109107375
1541856122540,0,0,0,0.9393365,0.3240874,-0.028563624,-0.10862172
1541856122564,0,0,0,0.93870455,0.3246286,-0.02845935,-0.11242825
1541856122582,0,0,0,0.9382499,0.32520917,-0.027045108,-0.11486828
1541856122601,0,0,0,0.9381627,0.3250998,-0.025788724,-0.11617172
1541856122622,0,0,0,0.93865186,0.32418197,-0.024500698,-0.11505866
1541856122642,0,0,0,0.9393024,0.32260257,-0.023601016,-0.114374876
1541856122664,0,0,0,0.9398683,0.3209158,-0.023004467,-0.11459279
1541856122681,0,0,0,0.9406753,0.3191043,-0.021817336,-0.11325419
1541856122701,0,0,0,0.9416982,0.31754205,-0.020342106,-0.10935211
1541856122721,0,0,0,0.94269496,0.3168863,-0.01894882,-0.10271466
1541856122741,0,0,0,0.9427726,0.31772098,-0.018177476,-0.09951246
1541856122763,0,0,0,0.9421016,0.31955254,-0.017360767,-0.10014635
1541856122782,0,0,0,0.9415677,0.3208453,-0.01541833,-0.10134512
1541856122802,0,0,0,0.94161075,0.3207864,-0.013853768,-0.10135841
1541856122822,0,0,0,0.94223875,0.3195592,-0.0135788275,-0.099417746
1541856122841,0,0,0,0.9427568,0.3177897,-0.015130422,-0.0999524
1541856122864,0,0,0,0.9430107,0.31622487,-0.016953276,-0.10220206
1541856122889,0,0,0,0.9431901,0.31557724,-0.017357778,-0.102480054
1541856122906,0,0,0,0.94292295,0.31508696,-0.017907796,-0.106282055
1541856122926,0,0,0,0.94286835,0.31406426,-0.01825207,-0.109680295
1541856122944,0,0,0,0.94318974,0.3125816,-0.019118201,-0.110998094
1541856122962,0,0,0,0.9429161,0.31189227,-0.022190116,-0.11463028
1541856122988,0,0,0,0.9421298,0.31182194,-0.024899637,-0.12057674
1541856123001,0,0,0,0.9417218,0.3115563,-0.025585275,-0.12425029
1541856123024,0,0,0,0.94214517,0.31129286,-0.02502597,-0.12179077
1541856123043,0,0,0,0.94315666,0.31088197,-0.023469232,-0.11514002
1541856123073,0,0,0,0.9442525,0.31091172,-0.021624718,-0.106083095
1541856123081,0,0,0,0.945173,0.31123996,-0.019507565,-0.09693873
1541856123102,0,0,0,0.9465424,0.30989203,-0.016979106,-0.08795619
1541856123132,0,0,0,0.9488815,0.30606046,-0.015097828,-0.075650334
1541856123142,0,0,0,0.9520597,0.30035657,-0.014163173,-0.056283712
1541856123162,0,0,0,0.95451087,0.29566687,-0.01600204,-0.035128593
1541856123182,0,0,0,0.95574486,0.29327214,-0.018258056,-0.014490545
1541856123201,0,0,0,0.95566446,0.2935205,-0.021987975,-0.008227527
1541856123221,0,0,0,0.9543017,0.29766986,-0.024251565,-0.010619998
1541856123240,0,0,0,0.9516457,0.3052827,-0.02666282,-0.021500409
1541856123263,0,0,0,0.9478028,0.31545585,-0.027703784,-0.037284136
1541856123286,0,0,0,0.9434522,0.3259896,-0.026451888,-0.05412042
1541856123301,0,0,0,0.9393959,0.33507377,-0.022690551,-0.06889129
1541856123321,0,0,0,0.9366049,0.3407361,-0.017119966,-0.07985711
1541856123342,0,0,0,0.93520594,0.34333885,-0.012671506,-0.08571875
1541856123363,0,0,0,0.9354193,0.34338322,-0.008669084,-0.08368808
1541856123382,0,0,0,0.9364257,0.34291586,-0.005085709,-0.0740931
1541856123401,0,0,0,0.9373977,0.34311312,-2.193655E-4,-0.05965662
1541856123421,0,0,0,0.9378898,0.34379756,0.005642269,-0.046196282
1541856123447,0,0,0,0.9379635,0.34461012,0.011438609,-0.03657359
1541856123468,0,0,0,0.9379633,0.3450071,0.016261494,-0.030504167
1541856123483,0,0,0,0.9379587,0.34507224,0.019384464,-0.027980149
1541856123500,0,0,0,0.937864,0.34542397,0.0221189,-0.024581552
1541856123520,0,0,0,0.9376313,0.34613934,0.024978524,-0.020276427
1541856123540,0,0,0,0.93742585,0.34670806,0.027575718,-0.016311646
1541856123561,0,0,0,0.9373913,0.34676647,0.029520545,-0.01338613
1541856123581,0,0,0,0.9375776,0.34623155,0.031343322,-0.009464383
1541856123602,0,0,0,0.93773776,0.34574634,0.03289701,-0.005029142
1541856123621,0,0,0,0.93763757,0.3458837,0.034637053,-7.4124336E-4
1541856123640,0,0,0,0.9374833,0.34613442,0.036177713,0.0026943684
1541856123663,0,0,0,0.9374167,0.34628394,0.03641863,0.0033624172
1541856123685,0,0,0,0.93738955,0.34613904,0.037839282,0.007539749
1541856123702,0,0,0,0.93742853,0.3459435,0.038262382,0.009318352
1541856123721,0,0,0,0.93759006,0.34545535,0.038374957,0.010621667
1541856123740,0,0,0,0.937804,0.34482235,0.038498465,0.011802673
1541856123770,0,0,0,0.9378382,0.34442544,0.03961325,0.016169667
1541856123781,0,0,0,0.93772906,0.34419993,0.041342605,0.021939993
1541856123800,0,0,0,0.93745327,0.34393874,0.044325057,0.03037846
1541856123820,0,0,0,0.9371176,0.34326482,0.04823984,0.040655375
1541856123840,0,0,0,0.93697166,0.3422364,0.051095624,0.048452973
1541856123860,0,0,0,0.937064,0.34124333,0.052089218,0.052448392
1541856123885,0,0,0,0.93725586,0.34101832,0.051018022,0.051529765
1541856123900,0,0,0,0.9375664,0.3412475,0.048604526,0.04644358
1541856123920,0,0,0,0.93792045,0.3418438,0.04522522,0.03745377
1541856123940,0,0,0,0.93830734,0.34263644,0.040514447,0.023198962
1541856123961,0,0,0,0.93861943,0.34321612,0.034193836,0.005201936
1541856123980,0,0,0,0.9386764,0.3434805,0.028354697,-0.010195851
1541856124000,0,0,0,0.9384851,0.34373012,0.023354119,-0.023451447
1541856124020,0,0,0,0.9381288,0.34413454,0.019960405,-0.032976627
1541856124040,0,0,0,0.93788636,0.34430626,0.018375138,-0.038532555
1541856124061,0,0,0,0.9376481,0.34440783,0.01707671,-0.043677807
1541856124082,0,0,0,0.9375754,0.34425172,0.016215503,-0.046693146
1541856124101,0,0,0,0.93775755,0.34387496,0.016517615,-0.045694232
1541856124123,0,0,0,0.93820804,0.34344488,0.019366901,-0.037896693
1541856124143,0,0,0,0.9383847,0.34341022,0.021550985,-0.032238007
1541856124164,0,0,0,0.9383086,0.3437459,0.022404931,-0.030231535
1541856124187,0,0,0,0.9383769,0.34386298,0.024647947,-0.024484217
1541856124205,0,0,0,0.93839043,0.34400606,0.026440168,-0.019598842
1541856124223,0,0,0,0.93848693,0.34386674,0.028278833,-0.014083445
1541856124243,0,0,0,0.93860286,0.3436052,0.029034605,-0.010822833
1541856124267,0,0,0,0.93859154,0.34365284,0.029588832,-0.008564949
1541856124286,0,0,0,0.93843454,0.3440798,0.029179158,-0.009924114
1541856124305,0,0,0,0.9383053,0.34439898,0.028327264,-0.013042271
1541856124322,0,0,0,0.938231,0.3445858,0.028490102,-0.013105452
1541856124342,0,0,0,0.93812555,0.3448736,0.02801608,-0.014067709
1541856124367,0,0,0,0.93808687,0.34499517,0.028369306,-0.0129057765
1541856124385,0,0,0,0.9380109,0.34515795,0.02712879,-0.016304314
1541856124404,0,0,0,0.93801725,0.34512815,0.026916295,-0.016904593
1541856124423,0,0,0,0.93800896,0.34510067,0.025781695,-0.019494593
1541856124442,0,0,0,0.9378736,0.3452711,0.023547115,-0.025030196
1541856124467,0,0,0,0.9375597,0.3459553,0.022406254,-0.028191507
1541856124488,0,0,0,0.93713725,0.34676185,0.020865547,-0.033085108
1541856124503,0,0,0,0.93685526,0.34691074,0.018640434,-0.040096223
1541856124526,0,0,0,0.9364568,0.34729227,0.01711308,-0.0463019
1541856124559,0,0,0,0.9362382,0.34741467,0.016635457,-0.049844503
1541856124565,0,0,0,0.93662757,0.34631577,0.01572751,-0.05046749
1541856124582,0,0,0,0.9369655,0.3457009,0.014989209,-0.048598886
1541856124681,0,0,0,0.9369157,0.34641254,0.015776586,-0.044027984
1541856124684,0,0,0,0.9367896,0.34693375,0.016868008,-0.042163134
1541856124687,0,0,0,0.93708706,0.346517,0.01902135,-0.03784311
1541856124689,0,0,0,0.9376057,0.34556043,0.020586174,-0.03255534
1541856124692,0,0,0,0.9379759,0.34499615,0.021929856,-0.026418626
1541856124746,0,0,0,0.938036,0.34518114,0.02413341,-0.018870234
1541856124750,0,0,0,0.9380089,0.34538242,0.026461465,-0.012259424
1541856124752,0,0,0,0.9381802,0.34489292,0.02912245,-0.0043264627
1541856124790,0,0,0,0.9383217,0.3444092,0.03054492,0.0013809204
1541856124794,0,0,0,0.93837684,0.34401715,0.03228282,0.0076749325
1541856124804,0,0,0,0.9383843,0.34398568,0.03213728,0.008716822
1541856124822,0,0,0,0.93839866,0.3437286,0.033286102,0.012272716
1541856124841,0,0,0,0.9383423,0.3435242,0.034892652,0.01695323
1541856124864,0,0,0,0.93832326,0.3430987,0.036527354,0.022331476
1541856124883,0,0,0,0.93827015,0.3428825,0.037311442,0.02624023
1541856124904,0,0,0,0.9379748,0.34298697,0.039045755,0.032227874
1541856124921,0,0,0,0.9376777,0.34303945,0.041047066,0.03741157
1541856124940,0,0,0,0.93757725,0.3426588,0.042681366,0.04137838
1541856124962,0,0,0,0.93757194,0.34181294,0.044365983,0.04641652
1541856124983,0,0,0,0.93778694,0.3412431,0.044038393,0.046576858
1541856125002,0,0,0,0.93791306,0.3411081,0.043412443,0.045603752
1541856125022,0,0,0,0.93770605,0.34144032,0.043858975,0.046928525
1541856125041,0,0,0,0.9374435,0.34160158,0.045034252,0.049799085
1541856125061,0,0,0,0.9376341,0.34147084,0.04433954,0.047687054
1541856125083,0,0,0,0.93808675,0.34139726,0.04191605,0.041039944
1541856125103,0,0,0,0.9384189,0.34151155,0.03938428,0.034480095
1541856125122,0,0,0,0.93860126,0.34169793,0.03728928,0.029663563
1541856125141,0,0,0,0.9386144,0.34190524,0.03647342,0.027811289
1541856125163,0,0,0,0.9385782,0.34214404,0.036171217,0.026459217
1541856125182,0,0,0,0.9387681,0.3423359,0.033826504,0.019404888
1541856125202,0,0,0,0.93899196,0.34225667,0.031323794,0.013165593
1541856125223,0,0,0,0.9391382,0.34207124,0.029962184,0.010449529
1541856125241,0,0,0,0.9391503,0.3420807,0.029583817,0.010118604
1541856125262,0,0,0,0.9392041,0.3420243,0.028999409,0.008615136
1541856125282,0,0,0,0.93919694,0.34211257,0.028618021,0.0070062876
1541856125312,0,0,0,0.93915695,0.34229526,0.02808391,0.005447626
1541856125326,0,0,0,0.93911517,0.34259886,0.026228763,8.6939335E-4
1541856125342,0,0,0,0.9390627,0.34283668,0.024895718,-0.0020961165
1541856125363,0,0,0,0.9390299,0.34299308,0.023260668,-0.0061317086
1541856125384,0,0,0,0.93902314,0.34301662,0.021808283,-0.009985805
1541856125418,0,0,0,0.9389789,0.3430593,0.020010289,-0.015115917
1541856125432,0,0,0,0.9388706,0.34315044,0.017864259,-0.02123344
1541856125443,0,0,0,0.93880564,0.3431164,0.016280081,-0.025496542
1541856125464,0,0,0,0.9388462,0.34304044,0.01636714,-0.02496636
1541856125482,0,0,0,0.9387853,0.34309775,0.015849797,-0.02674061
1541856125503,0,0,0,0.9388297,0.34290534,0.015674347,-0.027733088
1541856125523,0,0,0,0.9387696,0.3428346,0.014482975,-0.03108573
1541856125544,0,0,0,0.9385497,0.34313262,0.013054593,-0.034846425
1541856125565,0,0,0,0.9385082,0.34319967,0.012585336,-0.035467386
1541856125585,0,0,0,0.93876165,0.3427148,0.01308986,-0.033192933
1541856125614,0,0,0,0.9389106,0.3424539,0.013449171,-0.03148657
1541856125633,0,0,0,0.93873155,0.3425085,0.011692662,-0.036528528
1541856125653,0,0,0,0.93873894,0.3422569,0.010655196,-0.03893447
1541856125669,0,0,0,0.938705,0.34173235,0.008166705,-0.04455632
1541856125689,0,0,0,0.93896335,0.3407573,0.006707742,-0.046768308
1541856125717,0,0,0,0.93945235,0.3392677,0.005378592,-0.047935545
1541856125729,0,0,0,0.9399594,0.33801877,0.004673434,-0.046880126
1541856125751,0,0,0,0.93987656,0.3376122,0.0022061067,-0.051433146
1541856125783,0,0,0,0.9394942,0.3374561,-9.615282E-4,-0.058933258
1541856125788,0,0,0,0.9394758,0.33685562,-0.0025833785,-0.06250501
1541856125814,0,0,0,0.93951374,0.3358449,-0.004590886,-0.06708974
1541856125833,0,0,0,0.9399787,0.33425945,-0.005655879,-0.06840086
1541856125847,0,0,0,0.94024867,0.33277658,-0.007576231,-0.07165724
1541856125864,0,0,0,0.9404669,0.33208764,-0.008431288,-0.07189381
1541856125883,0,0,0,0.9403798,0.33189765,-0.0096808,-0.073731065
1541856125904,0,0,0,0.94072694,0.3316266,-0.009062921,-0.07053065
1541856125935,0,0,0,0.94151086,0.33091635,-0.006866387,-0.063281775
1541856125952,0,0,0,0.94202703,0.3303079,-0.005719019,-0.058730185
1541856125970,0,0,0,0.94244087,0.33001688,-0.0044333544,-0.053613603
1541856125996,0,0,0,0.9431687,0.3288012,-0.004303736,-0.048000634
1541856126020,0,0,0,0.94316894,0.3290214,-0.0037370808,-0.046512365
1541856126033,0,0,0,0.9426029,0.3314783,-0.0028090414,-0.04017657
1541856126059,0,0,0,0.941369,0.3346734,-0.002165074,-0.042583823
1541856126084,0,0,0,0.94112235,0.33393145,-0.00134378,-0.052695394
1541856126089,0,0,0,0.9422008,0.33009112,-0.0020446642,-0.05738771
