time,lt,rt,rb,x,y,z
1541856096876,0,0,0,-0.2284636,0.55955255,-0.07422013
1541856096894,0,0,0,-0.20250183,-0.10873401,-0.053450707
1541856096915,0,0,0,-0.09682214,-0.24770586,0.008246681
1541856096941,0,0,0,-0.008552114,-0.08399397,0.03940081
1541856096957,0,0,0,0.0720821,0.06994407,0.04734206
1541856096975,0,0,0,0.037873644,0.22266038,0.044593163
1541856096996,0,0,0,-0.04795292,0.21624629,0.043066
1541856097014,0,0,0,-0.086132,0.052839845,0.044898596
1541856097034,0,0,0,-0.08735373,-0.10415252,0.026267206
1541856097056,0,0,0,-0.06078109,-0.15668693,-0.0067195175
1541856097075,0,0,0,-0.03268129,-0.1386664,-0.012217305
1541856097106,0,0,0,-0.020158553,-0.054367006,0.017715093
1541856097114,0,0,0,0.01282817,0.04184427,0.009468411
1541856097140,0,0,0,0.053145275,0.06169739,-0.023823744
1541856097154,0,0,0,0.043066,0.056505036,-0.035430185
1541856097175,0,0,0,0.031154128,0.032070424,-0.04520403
1541856097206,0,0,0,0.044593163,-0.0061086523,-0.043982297
1541856097214,0,0,0,0.058643065,-0.017715093,-0.026267206
1541856097239,0,0,0,0.12095132,-0.005192355,-0.028405234
1541856097255,0,0,0,0.12583824,0.016798794,-0.049785517
1541856097289,0,0,0,0.1020145,0.025961773,-0.06719518
1541856097297,0,0,0,0.05009095,0.029321533,-0.08307768
1541856097323,0,0,0,0.049480084,0.01160644,-0.08246681
1541856097334,0,0,0,0.05009095,-0.008552114,-0.09621128
1541856097356,0,0,0,0.024129177,-0.018936822,-0.089491755
1541856097386,0,0,0,0.18325958,-0.004276057,-0.013439035
1541856097405,0,0,0,0.42730024,0.12705997,0.12675454
1541856097415,0,0,0,0.12889257,0.45631635,-0.016493361
1541856097435,0,0,0,-0.09865474,0.5354234,-0.24801129
1541856097456,0,0,0,0.2049453,0.38453966,-0.1740966
1541856097478,0,0,0,0.5015204,0.34147367,0.19242255
1541856097495,0,0,0,0.52656585,0.73426,0.43188173
1541856097515,0,0,0,0.13775012,0.8921687,0.5729916
1541856097537,0,0,0,-0.089491755,0.8032878,0.52106804
1541856097556,0,0,0,0.043982297,0.40683624,0.6206391
1541856097577,0,0,0,0.25809056,-0.15241088,0.68600166
1541856097599,0,0,0,0.42455134,-0.27885997,0.73761976
1541856097617,0,0,0,0.73273283,0.058337633,0.9309586
1541856097645,0,0,0,0.89644474,0.74128497,0.81061816
1541856097670,0,0,0,0.66798115,1.1157454,0.45753807
1541856097678,0,0,0,-0.096516706,0.43676865,0.23151793
1541856097696,0,0,0,-0.8362745,-0.3295618,0.29932398
1541856097716,0,0,0,-0.90010995,-0.48655418,0.30970868
1541856097735,0,0,0,-0.7031059,-0.44440445,0.13561209
1541856097756,0,0,0,-0.17531833,-0.0027488936,0.20861048
1541856097775,0,0,0,0.19730948,0.675617,0.3173445
1541856097798,0,0,0,-0.17654006,0.6453791,0.27672195
1541856097817,0,0,0,-0.64934975,0.067500606,0.45631635
1541856097837,0,0,0,-0.92087936,-0.35063666,0.32803464
1541856097857,0,0,0,-0.691194,-0.43035457,0.11178834
1541856097882,0,0,0,-0.43585235,-0.17134771,0.04062254
1541856097901,0,0,0,-0.28710666,-0.0870483,0.1826487
1541856097916,0,0,0,-0.22632557,-0.30726522,0.07544186
1541856097937,0,0,0,-0.34605515,-0.35033122,-0.26053402
1541856097957,0,0,0,-0.18509217,-0.09560041,-0.7098254
1541856097985,0,0,0,0.18203785,0.17837265,-0.310625
1541856098005,0,0,0,0.45204028,0.2910773,0.10598512
1541856098018,0,0,0,0.59437186,0.36987892,0.18753563
1541856098038,0,0,0,0.59895337,0.38789943,0.226631
1541856098058,0,0,0,0.44318274,0.25473082,0.25411993
1541856098081,0,0,0,0.25473082,0.004886922,0.18570304
1541856098096,0,0,0,0.1908954,-0.1685988,0.19150625
1541856098118,0,0,0,0.20830505,-0.16707164,0.17256944
1541856098137,0,0,0,0.22968534,-0.05222898,0.08735373
1541856098156,0,0,0,0.17348573,-0.15790866,-0.0012217305
1541856098177,0,0,0,0.129198,-0.19883664,-0.06352998
1541856098198,0,0,0,0.1133155,-0.10751228,-0.02321288
1541856098215,0,0,0,0.06505715,-0.036651913,0.06047566
1541856098235,0,0,0,0.07666359,-0.053450707,0.11148291
1541856098258,0,0,0,0.16798794,-0.014966198,0.09040806
1541856098282,0,0,0,0.27030787,0.047647487,0.03268129
1541856098303,0,0,0,0.27152961,0.08552113,-0.016798794
1541856098320,0,0,0,0.082161374,-0.030543262,0.05681047
1541856098336,0,0,0,-0.049785517,-0.002443461,0.33261612
1541856098360,0,0,0,-0.10415252,0.13805555,0.15088372
1541856098380,0,0,0,0.09743301,0.33353242,-0.14172074
1541856098400,0,0,0,0.11881329,0.5345071,0.02565634
1541856098418,0,0,0,-0.13836098,0.5271767,0.42394048
1541856098437,0,0,0,-0.38423425,0.2415972,0.44868052
1541856098456,0,0,0,-0.2874121,0.058643065,0.17348573
1541856098478,0,0,0,-0.121256754,-0.027183503,0.064446285
1541856098497,0,0,0,0.110872045,-3.0543262E-4,-0.12889257
1541856098517,0,0,0,0.14446963,0.021991149,-0.2666427
1541856098538,0,0,0,0.11484267,0.010079277,-0.3051272
1541856098561,0,0,0,-0.004276057,-0.25259277,-0.27855456
1541856098594,0,0,0,-0.07147124,-0.72509706,-0.27947086
1541856098608,0,0,0,0.025045475,-0.69058317,-0.25473082
1541856098617,0,0,0,0.25686884,-0.41722095,-0.18478674
1541856098636,0,0,0,0.28221974,0.0290161,-0.12980886
1541856098656,0,0,0,0.12064589,0.23609942,-0.076052725
1541856098678,0,0,0,-0.06841691,0.19272798,-0.110872045
1541856098708,0,0,0,-0.1554652,0.06780604,-0.12339478
1541856098716,0,0,0,-0.14966199,-0.053450707,-0.22143865
1541856098736,0,0,0,-0.058643065,-0.11362094,-0.20799962
1541856098760,0,0,0,-0.02107485,-0.071776666,-0.11026118
1541856098776,0,0,0,-0.1001819,0.01038471,-0.05467244
1541856098796,0,0,0,-0.26389378,0.04184427,-0.047036625
1541856098817,0,0,0,-0.3203988,-0.025045475,-0.0693332
1541856098836,0,0,0,-0.2302962,-0.03726278,-0.07849618
1541856098858,0,0,0,-0.07513642,-0.03390302,-0.06811147
1541856098876,0,0,0,-0.021380283,-0.02321288,-0.07422013
1541856098896,0,0,0,-0.009773844,0.0021380284,-0.10598512
1541856098916,0,0,0,0.014966198,0.04337143,-0.10781772
1541856098938,0,0,0,0.03604105,0.10262536,-0.06658431
1541856098959,0,0,0,0.01282817,0.12461651,-0.042455133
1541856098977,0,0,0,-0.0021380284,0.07574729,-0.049785517
1541856099002,0,0,0,0.0012217305,0.02687807,-0.042455133
1541856099016,0,0,0,0.02687807,0.045814894,-0.06688975
1541856099035,0,0,0,0.021380283,0.06291912,-0.08857546
1541856099055,0,0,0,9.162979E-4,0.07360926,-0.10140363
1541856099075,0,0,0,-0.059864793,0.0693332,-0.10873401
1541856099096,0,0,0,-0.1020145,0.03145956,-0.106901415
1541856099116,0,0,0,-0.07696902,-0.00580322,-0.105374254
1541856099135,0,0,0,-0.04550946,-0.064446285,-0.0842994
1541856099158,0,0,0,0.004276057,-0.098043874,-0.08582657
1541856099177,0,0,0,0.025045475,-0.12492194,-0.10293079
1541856099197,0,0,0,-0.03145956,-0.06780604,-0.111177474
1541856099218,0,0,0,-0.09621128,0.04642576,-0.12308934
1541856099240,0,0,0,-0.12614368,0.099571034,-0.16676621
1541856099259,0,0,0,-0.16340645,0.08582657,-0.18570304
1541856099280,0,0,0,-0.20525073,0.08368854,-0.19792034
1541856099298,0,0,0,-0.21655174,0.09560041,-0.204029
1541856099318,0,0,0,-0.15790866,0.053145275,-0.17837265
1541856099337,0,0,0,-0.05375614,0.047036625,-0.093462385
1541856099356,0,0,0,-0.0036651916,0.047036625,-0.08155051
1541856099375,0,0,0,0.0,0.063224554,-0.11148291
1541856099395,0,0,0,-0.03390302,0.05222898,-0.129198
1541856099416,0,0,0,-0.03726278,0.03634648,-0.15363261
1541856099435,0,0,0,0.01038471,0.044593163,-0.14569137
1541856099455,0,0,0,0.03023783,0.084910266,-0.089491755
1541856099476,0,0,0,-0.02321288,0.011301007,-0.07696902
1541856099496,0,0,0,-0.033292156,-0.06169739,-0.09743301
1541856099518,0,0,0,0.021991149,-0.08002335,-0.08307768
1541856099537,0,0,0,0.04886922,0.003970624,-0.08368854
1541856099559,0,0,0,0.059864793,0.112399206,-0.095294975
1541856101094,0,0,0,0.059864793,0.14660765,-0.19058995
1541856101130,0,0,0,0.13072516,0.08979719,-0.15241088
1541856101130,0,0,0,0.026267206,0.027488936,-0.12614368
1541856101151,0,0,0,0.025045475,-0.01160644,-0.11301007
1541856101158,0,0,0,0.100792766,0.015271631,-0.09712757
1541856101160,0,0,0,0.15577064,0.14080444,-0.08827003
1541856101168,0,0,0,0.14660765,0.2302962,-0.07666359
1541856101176,0,0,0,0.10445796,0.19181168,-0.08032878
1541856101187,0,0,0,0.090713486,0.06627888,-0.06963864
1541856101197,0,0,0,0.13194689,0.006414085,-0.061086524
1541856101208,0,0,0,0.16737708,0.04795292,-0.0720821
1541856101217,0,0,0,0.16218472,0.08582657,-0.060170226
1541856101225,0,0,0,0.17348573,0.10995574,-0.07941248
1541856101231,0,0,0,0.17470746,0.1160644,-0.112399206
1541856101238,0,0,0,0.15821409,0.09773844,-0.1337795
1541856101246,0,0,0,0.13255776,0.10842858,-0.129198
1541856101262,0,0,0,0.13164146,0.08674286,-0.12797627
1541856101315,0,0,0,0.14294247,0.0852157,-0.12522738
1541856101323,0,0,0,0.1469131,0.12003502,-0.12370021
1541856101330,0,0,0,0.111177474,0.16340645,-0.112704635
1541856101355,0,0,0,0.05131268,0.13775012,-0.074830994
1541856101364,0,0,0,0.029932396,0.06872234,-0.058337633
1541856101390,0,0,0,0.035430185,0.021380283,-0.058337633
1541856101424,0,0,0,0.05375614,0.021380283,-0.06414085
1541856101437,0,0,0,0.042760566,0.06566802,-0.05681047
1541856101451,0,0,0,0.025350908,0.109650314,-0.04642576
1541856101465,0,0,0,-0.044898596,0.0720821,-0.03268129
1541856101489,0,0,0,-0.07788532,-0.01038471,-0.03573562
1541856101512,0,0,0,-0.016493361,-0.042760566,-0.046731193
1541856101529,0,0,0,0.06994407,-0.019242255,-0.056505036
1541856101547,0,0,0,0.0852157,0.046731193,-0.06627888
1541856101573,0,0,0,0.06627888,0.0870483,-0.05467244
1541856101582,0,0,0,0.022602014,0.09407325,-0.040317107
1541856101604,0,0,0,-0.043982297,0.074830994,-0.027488936
1541856101632,0,0,0,-0.06719518,0.049785517,-0.04337143
1541856101649,0,0,0,-0.01038471,0.011301007,-0.048258353
1541856101669,0,0,0,0.025045475,0.01740966,-0.03634648
1541856101681,0,0,0,0.040317107,0.031154128,-0.04153884
1541856101703,0,0,0,0.03940081,0.04886922,-0.052839845
1541856101724,0,0,0,0.04520403,0.065973446,-0.061391957
1541856101742,0,0,0,0.03848451,0.05375614,-0.059253927
1541856101761,0,0,0,0.043066,0.017715093,-0.05589417
1541856101781,0,0,0,0.043066,6.1086525E-4,-0.056505036
1541856101802,0,0,0,0.06536258,0.05009095,-0.06566802
1541856101822,0,0,0,0.077579886,0.086437434,-0.063224554
1541856101842,0,0,0,0.07147124,0.11484267,-0.056505036
1541856101861,0,0,0,0.0125227375,0.108123146,-0.047647487
1541856101881,0,0,0,-0.013133603,0.04734206,-0.046120327
1541856101902,0,0,0,0.0067195175,-0.00580322,-0.048563786
1541856101922,0,0,0,0.022296581,0.029321533,-0.057421334
1541856101941,0,0,0,0.038179077,0.074830994,-0.06536258
1541856101961,0,0,0,0.034513887,0.064446285,-0.059253927
1541856101982,0,0,0,0.024129177,0.050701816,-0.060170226
1541856102002,0,0,0,0.038789943,0.048258353,-0.048563786
1541856102025,0,0,0,0.04886922,0.035430185,-0.04153884
1541856102045,0,0,0,0.043676864,0.04428773,-0.038179077
1541856102062,0,0,0,0.06872234,0.07788532,-0.03940081
1541856102082,0,0,0,0.10476339,0.12003502,-0.059864793
1541856102103,0,0,0,0.11911872,0.16035213,-0.07880162
1541856102123,0,0,0,0.07788532,0.1777618,-0.06780604
1541856102143,0,0,0,0.022296581,0.13255776,-0.057726767
1541856102163,0,0,0,-0.049785517,0.04886922,-0.051618114
1541856102182,0,0,0,-0.052839845,-0.03634648,-0.050701816
1541856102203,0,0,0,0.044898596,-0.01985312,-0.057421334
1541856102228,0,0,0,0.090713486,0.040011674,-0.059253927
1541856102243,0,0,0,0.058337633,0.086132,-0.06811147
1541856102262,0,0,0,0.02076942,0.06780604,-0.071776666
1541856102283,0,0,0,-0.0143553335,0.027794369,-0.05375614
1541856102303,0,0,0,-0.031154128,0.0030543262,-0.030848695
1541856102329,0,0,0,-0.002443461,0.032375857,-0.045814894
1541856102347,0,0,0,0.040317107,0.046731193,-0.053145275
1541856102364,0,0,0,0.046120327,0.040011674,-0.058643065
1541856102383,0,0,0,0.03023783,0.04917465,-0.054367006
1541856102404,0,0,0,0.016798794,0.045814894,-0.044593163
1541856102426,0,0,0,-0.02107485,0.0290161,-0.042760566
1541856102447,0,0,0,-0.017715093,0.014660766,-0.04917465
1541856102463,0,0,0,0.029932396,0.018020526,-0.05681047
1541856102484,0,0,0,0.034208454,0.04062254,-0.053145275
1541856102503,0,0,0,0.031154128,0.056505036,-0.051618114
1541856102524,0,0,0,0.01740966,0.05681047,-0.04153884
1541856102543,0,0,0,-0.008857546,0.027488936,-0.04153884
1541856102563,0,0,0,-0.0067195175,0.03145956,-0.03604105
1541856102583,0,0,0,0.041233405,0.05100725,-0.03970624
1541856102603,0,0,0,0.076052725,0.06261369,-0.04428773
1541856102624,0,0,0,0.05222898,0.07727446,-0.049480084
1541856102644,0,0,0,0.029321533,0.07422013,-0.0571159
1541856102663,0,0,0,-0.0027488936,0.037873644,-0.04886922
1541856102683,0,0,0,-0.025045475,0.008857546,-0.041233405
1541856102703,0,0,0,-0.015271631,0.02565634,-0.04520403
1541856102728,0,0,0,0.01740966,0.038179077,-0.042455133
1541856102743,0,0,0,0.020463986,0.04153884,-0.04917465
1541856102762,0,0,0,0.026572637,0.031154128,-0.058643065
1541856102783,0,0,0,0.020463986,0.03359759,-0.053145275
1541856102803,0,0,0,0.0,0.039095376,-0.046120327
1541856102828,0,0,0,-0.023518313,0.045814894,-0.03756821
1541856102848,0,0,0,0.0,0.044898596,-0.03940081
1541856102869,0,0,0,0.016798794,0.019242255,-0.0421497
1541856102883,0,0,0,0.02565634,0.004276057,-0.043676864
1541856102904,0,0,0,0.04734206,0.03390302,-0.057726767
1541856102925,0,0,0,0.032986723,0.047647487,-0.056199603
1541856102945,0,0,0,0.008246681,0.05681047,-0.0571159
1541856102964,0,0,0,0.012217305,0.038179077,-0.049785517
1541856102984,0,0,0,0.013133603,0.021991149,-0.04917465
1541856103005,0,0,0,-0.0018325958,0.025045475,-0.04795292
1541856103038,0,0,0,-0.004886922,0.04062254,-0.050701816
1541856103047,0,0,0,0.015882496,0.050701816,-0.04428773
1541856103070,0,0,0,0.018325957,0.03145956,-0.043982297
1541856103083,0,0,0,0.025045475,0.04428773,-0.043982297
1541856103104,0,0,0,0.021380283,0.04917465,-0.047036625
1541856103126,0,0,0,0.011301007,0.048258353,-0.046731193
1541856103150,0,0,0,0.029626964,0.044898596,-0.04642576
1541856103164,0,0,0,0.03940081,0.047036625,-0.057421334
1541856103184,0,0,0,0.018325957,0.043982297,-0.050701816
1541856103215,0,0,0,0.012217305,0.033292156,-0.04550946
1541856103239,0,0,0,0.010079277,0.023518313,-0.027488936
1541856103247,0,0,0,0.008552114,0.028099801,-0.027183503
1541856103271,0,0,0,0.013133603,0.051618114,-0.032070424
1541856103292,0,0,0,0.05467244,0.05131268,-0.05467244
1541856103304,0,0,0,0.040011674,0.042455133,-0.06047566
1541856103324,0,0,0,0.018020526,0.040927973,-0.061391957
1541856103344,0,0,0,0.03176499,0.042455133,-0.06169739
1541856103364,0,0,0,0.023518313,0.029626964,-0.055283304
1541856103385,0,0,0,0.010079277,0.02443461,-0.043982297
1541856103404,0,0,0,0.065973446,0.07360926,-0.043982297
1541856103425,0,0,0,0.10720685,0.12644911,-0.055283304
1541856103445,0,0,0,0.092240654,0.13713925,-0.051923547
1541856103468,0,0,0,0.06352998,0.13103059,-0.041233405
1541856103486,0,0,0,0.028405234,0.12064589,-0.04520403
1541856103509,0,0,0,0.0030543262,0.11881329,-0.025045475
1541856103539,0,0,0,0.020463986,0.12767084,-0.01160644
1541856103546,0,0,0,0.038179077,0.08307768,-0.02687807
1541856103564,0,0,0,0.033292156,0.058643065,-0.03390302
1541856103584,0,0,0,0.04062254,0.06536258,-0.045814894
1541856103606,0,0,0,0.044898596,0.099265605,-0.04520403
1541856103631,0,0,0,0.06566802,0.13713925,-0.027183503
1541856103646,0,0,0,0.053450707,0.20952678,-0.024129177
1541856103665,0,0,0,0.017104227,0.19700404,-0.036651913
1541856103685,0,0,0,-0.014966198,0.12339478,-0.027183503
1541856103705,0,0,0,-0.027183503,0.035430185,-0.013133603
1541856103724,0,0,0,-0.016493361,-0.0061086523,-0.03573562
1541856103748,0,0,0,-0.028710667,-0.005497787,-0.03176499
1541856103765,0,0,0,-0.014966198,0.025350908,-0.013439035
1541856103785,0,0,0,0.04184427,0.089186326,-0.017715093
1541856103805,0,0,0,0.059864793,0.13408493,-0.030543262
1541856103835,0,0,0,0.035124753,0.14569137,-0.029932396
1541856103853,0,0,0,-0.061391957,0.10445796,-0.025045475
1541856103869,0,0,0,-0.07666359,0.02076942,-0.015882496
1541856103889,0,0,0,-0.005192355,-0.009468411,-0.023823744
1541856103906,0,0,0,0.05222898,0.071776666,-0.039095376
1541856103927,0,0,0,0.092240654,0.14385876,-0.047036625
1541856103948,0,0,0,0.04428773,0.1328632,-0.057421334
1541856103967,0,0,0,-0.021685716,0.053145275,-0.05009095
1541856103985,0,0,0,0.007330383,-9.162979E-4,-0.052534413
1541856104006,0,0,0,0.0290161,0.0067195175,-0.04734206
1541856104027,0,0,0,0.021991149,0.06872234,-0.040927973
1541856104045,0,0,0,0.01282817,0.09468412,-0.039095376
1541856104065,0,0,0,-0.019242255,0.06994407,-0.04886922
1541856104085,0,0,0,-0.020158553,0.061086524,-0.055283304
1541856104106,0,0,0,0.0021380284,0.07086037,-0.048258353
1541856104129,0,0,0,-0.012217305,0.05497787,-0.04795292
1541856104148,0,0,0,-0.04520403,0.027183503,-0.034208454
1541856104165,0,0,0,-0.015271631,0.031154128,-0.032070424
1541856104185,0,0,0,0.023518313,0.046731193,-0.047036625
1541856104205,0,0,0,0.02687807,0.036957346,-0.03970624
1541856104229,0,0,0,-0.00580322,0.026267206,-0.04184427
1541856104245,0,0,0,0.0070249503,-0.0067195175,-0.04550946
1541856104265,0,0,0,0.029321533,-0.013133603,-0.048563786
1541856104285,0,0,0,0.042760566,0.008552114,-0.036651913
1541856104306,0,0,0,0.058948494,0.07422013,-0.04153884
1541856104330,0,0,0,0.02321288,0.06872234,-0.038179077
1541856104349,0,0,0,0.0143553335,0.025045475,-0.03940081
1541856104365,0,0,0,0.022296581,0.022602014,-0.040011674
1541856104386,0,0,0,0.028099801,0.038179077,-0.03481932
1541856104407,0,0,0,0.01160644,0.03573562,-0.035430185
1541856104426,0,0,0,0.05131268,0.018020526,-0.053145275
1541856104445,0,0,0,0.07574729,0.011301007,-0.044593163
1541856104465,0,0,0,0.062002823,0.022907447,-0.04795292
1541856104484,0,0,0,0.023518313,0.025961773,-0.040011674
1541856104505,0,0,0,-9.162979E-4,0.008857546,-0.029626964
1541856104530,0,0,0,6.1086525E-4,-0.021380283,-0.04153884
1541856104548,0,0,0,0.021991149,-0.031154128,-0.055283304
1541856104565,0,0,0,0.04642576,9.162979E-4,-0.056505036
1541856104585,0,0,0,0.020158553,0.02107485,-0.04428773
1541856104606,0,0,0,-0.021380283,0.029321533,-0.04153884
1541856104629,0,0,0,-0.036957346,0.02076942,-0.034208454
1541856104648,0,0,0,-0.027183503,0.0067195175,-0.03145956
1541856104666,0,0,0,0.025350908,0.028405234,-0.04153884
1541856104685,0,0,0,0.04917465,0.046731193,-0.054367006
1541856104707,0,0,0,0.022296581,0.054061573,-0.043066
1541856104730,0,0,0,-0.020158553,0.050701816,-0.037873644
1541856104745,0,0,0,-0.004581489,0.053450707,-0.043066
1541856104765,0,0,0,0.035124753,0.042760566,-0.048258353
1541856104785,0,0,0,0.047647487,0.049480084,-0.07422013
1541856104806,0,0,0,0.050396383,0.07696902,-0.06780604
1541856104829,0,0,0,0.04428773,0.064446285,-0.058643065
1541856104850,0,0,0,-0.017715093,0.043676864,-0.047036625
1541856104866,0,0,0,0.004581489,0.0580322,-0.055283304
1541856104886,0,0,0,0.069027774,0.06688975,-0.06872234
1541856104907,0,0,0,0.04917465,0.09010262,-0.07238753
1541856104929,0,0,0,-0.029626964,0.12095132,-0.051923547
1541856104947,0,0,0,-0.051618114,0.11148291,-0.0421497
1541856104965,0,0,0,-0.037873644,0.064446285,-0.028710667
1541856104986,0,0,0,-0.007941248,0.05955936,-0.017715093
1541856105007,0,0,0,0.03481932,0.07452556,-0.036957346
1541856105029,0,0,0,0.015882496,0.05681047,-0.053450707
1541856105049,0,0,0,0.0027488936,0.04153884,-0.06566802
1541856105066,0,0,0,0.004276057,0.030848695,-0.06872234
1541856105085,0,0,0,-0.025045475,0.031154128,-0.06811147
1541856105106,0,0,0,-0.0143553335,0.02687807,-0.06872234
1541856105133,0,0,0,0.02565634,0.03176499,-0.07269296
1541856105149,0,0,0,0.054367006,0.052534413,-0.055588737
1541856105167,0,0,0,0.03481932,0.058337633,-0.04062254
1541856105188,0,0,0,-0.010079277,0.076052725,-0.016187929
1541856105206,0,0,0,0.0106901415,0.06047566,-0.016493361
1541856105227,0,0,0,0.03970624,0.046120327,-0.021380283
1541856105247,0,0,0,0.051618114,0.05467244,-0.024740042
1541856105271,0,0,0,0.0693332,0.06963864,-0.03359759
1541856105296,0,0,0,0.06261369,0.06414085,-0.030543262
1541856105306,0,0,0,0.033292156,0.08093964,-0.03970624
1541856105327,0,0,0,-0.004581489,0.079107046,-0.02443461
1541856105347,0,0,0,-0.03604105,0.020158553,-0.0125227375
1541856105365,0,0,0,-0.044898596,-0.03481932,-0.011911872
1541856105385,0,0,0,0.035430185,-0.02076942,-0.014660766
1541856105406,0,0,0,0.06963864,0.04795292,-0.026572637
1541856105428,0,0,0,0.0106901415,0.095294975,-0.03756821
1541856105450,0,0,0,-0.043066,0.08124508,-0.028099801
1541856105472,0,0,0,-0.059253927,0.014049901,-0.01985312
1541856105489,0,0,0,-0.06291912,-0.018936822,-0.010995574
1541856105509,0,0,0,-0.043982297,-0.022602014,-0.0012217305
1541856105532,0,0,0,-0.060170226,-0.0076358155,0.014660766
1541856105545,0,0,0,-0.098043874,-0.031154128,0.032070424
1541856105565,0,0,0,-0.105374254,-0.04734206,0.029932396
1541856105585,0,0,0,-0.06841691,-0.04550946,-0.002443461
1541856105606,0,0,0,-0.007330383,-0.034208454,-0.015577064
1541856105631,0,0,0,0.02687807,-0.02687807,-0.03268129
1541856105653,0,0,0,0.06963864,0.009468411,-0.055283304
1541856105670,0,0,0,0.07513642,0.06566802,-0.050701816
1541856105686,0,0,0,0.03573562,0.089491755,-0.03573562
1541856105708,0,0,0,-0.038789943,0.057421334,-0.032986723
1541856105733,0,0,0,-0.08002335,-0.003970624,-0.032070424
1541856105754,0,0,0,-0.06627888,-0.020463986,-0.043066
1541856105770,0,0,0,-0.03756821,9.162979E-4,-0.053145275
1541856105793,0,0,0,-0.0061086523,0.035430185,-0.049785517
1541856105807,0,0,0,0.041233405,0.06169739,-0.06383542
1541856105827,0,0,0,0.024129177,0.08246681,-0.0729984
1541856105848,0,0,0,-0.036957346,0.047036625,-0.03970624
1541856105868,0,0,0,-0.08399397,-0.028405234,-0.0125227375
1541856105887,0,0,0,-0.053450707,-0.050396383,-3.0543262E-4
1541856105908,0,0,0,-0.008552114,0.014660766,-0.007941248
1541856105933,0,0,0,-0.010079277,0.06658431,-0.029626964
1541856105949,0,0,0,-0.057421334,0.0888809,-0.027183503
1541856105971,0,0,0,-0.05375614,0.06994407,-0.018936822
1541856105988,0,0,0,-0.06994407,0.050396383,-0.022907447
1541856106010,0,0,0,-0.079107046,0.04550946,-0.027794369
1541856106036,0,0,0,-0.067500606,0.060170226,-0.01282817
1541856106052,0,0,0,-0.040011674,0.08674286,-0.0030543262
1541856106066,0,0,0,-0.016798794,0.10140363,-0.0036651916
1541856106086,0,0,0,0.01282817,0.1160644,-0.02107485
1541856106106,0,0,0,-3.0543262E-4,0.103847094,-0.038179077
1541856106129,0,0,0,-0.003970624,0.032986723,-0.05009095
1541856106146,0,0,0,0.05100725,-0.0015271631,-0.048563786
1541856106166,0,0,0,0.10323623,3.0543262E-4,-0.05100725
1541856106186,0,0,0,0.101098195,0.026572637,-0.06536258
1541856106207,0,0,0,0.028405234,0.05375614,-0.056199603
1541856106234,0,0,0,-0.016798794,0.06963864,-0.04337143
1541856106249,0,0,0,-0.01740966,0.06872234,-0.057726767
1541856106268,0,0,0,0.008246681,0.0711658,-0.094989546
1541856106287,0,0,0,-0.030848695,0.06414085,-0.09560041
1541856106308,0,0,0,-0.06688975,0.042455133,-0.076358154
1541856106327,0,0,0,-0.03940081,0.033292156,-0.0720821
1541856106351,0,0,0,0.014966198,0.032070424,-0.087964594
1541856106367,0,0,0,0.061391957,0.05467244,-0.09162979
1541856106386,0,0,0,0.06261369,0.076052725,-0.082161374
1541856106407,0,0,0,0.059253927,0.05131268,-0.08674286
1541856106432,0,0,0,0.060170226,0.0018325958,-0.09132435
1541856106447,0,0,0,0.12339478,-0.017104227,-0.13133603
1541856106467,0,0,0,0.15790866,-0.067500606,-0.13622294
1541856106486,0,0,0,-0.01863139,-0.033292156,-0.052534413
1541856106506,0,0,0,-0.06169739,0.032375857,-0.062308256
1541856106532,0,0,0,-0.028710667,0.009773844,-0.06261369
1541856106546,0,0,0,-0.003970624,0.054061573,-0.038179077
1541856106568,0,0,0,0.0106901415,0.14049901,-0.040927973
1541856106587,0,0,0,-0.022602014,0.1563815,-0.051923547
1541856106607,0,0,0,-0.05681047,0.087659165,-0.052534413
1541856106634,0,0,0,-0.034513887,0.022907447,-0.059864793
1541856106648,0,0,0,-0.016798794,0.025045475,-0.040927973
1541856106670,0,0,0,-0.006414085,0.07666359,-0.029626964
1541856106687,0,0,0,-0.007941248,0.07574729,-0.03726278
1541856106708,0,0,0,-0.007330383,0.07819075,-0.031154128
1541856106730,0,0,0,0.02076942,0.12308934,-0.03604105
1541856106753,0,0,0,-0.014966198,0.13255776,-0.030848695
1541856106769,0,0,0,-0.06658431,0.06566802,-0.017715093
1541856106787,0,0,0,-0.045814894,0.05467244,-0.024740042
1541856106808,0,0,0,-0.013744468,0.08979719,-0.029932396
1541856106831,0,0,0,0.03023783,0.14721853,-0.038179077
1541856106848,0,0,0,0.032375857,0.15302174,-0.05222898
1541856106867,0,0,0,-0.034513887,0.070249505,-0.061086524
1541856106887,0,0,0,-0.044898596,-0.035430185,-0.050396383
1541856106907,0,0,0,0.01282817,-0.05100725,-0.018020526
1541856106932,0,0,0,0.0842994,0.03604105,-0.03726278
1541856106948,0,0,0,0.11148291,0.10720685,-0.03726278
1541856106967,0,0,0,0.118202426,0.12522738,-0.035430185
1541856106988,0,0,0,0.093462385,0.1432479,-0.034208454
1541856107007,0,0,0,0.00580322,0.10598512,-0.027794369
1541856107035,0,0,0,-0.070554934,0.035430185,-0.016187929
1541856107052,0,0,0,-0.025961773,-0.008246681,-0.01038471
1541856107070,0,0,0,0.025350908,0.04642576,-0.022602014
1541856107089,0,0,0,0.043676864,0.109650314,-0.047036625
1541856107109,0,0,0,0.01985312,0.12492194,-0.055283304
1541856107132,0,0,0,-0.02107485,0.07452556,-0.058643065
1541856107148,0,0,0,-0.03481932,0.009162978,-0.04520403
1541856107167,0,0,0,-0.013744468,-0.033292156,-0.034208454
1541856107187,0,0,0,-0.02076942,-0.049480084,-0.02321288
1541856107207,0,0,0,-0.04062254,-0.03268129,-0.0143553335
1541856107229,0,0,0,-0.005497787,0.011301007,-0.028405234
1541856107249,0,0,0,0.044593163,0.06841691,-0.016798794
1541856107267,0,0,0,0.08002335,0.11911872,-0.01160644
1541856107288,0,0,0,0.09193522,0.14202617,-0.02565634
1541856107308,0,0,0,0.028710667,0.112704635,-0.015271631
1541856107328,0,0,0,-0.00580322,0.11789699,0.031154128
1541856107348,0,0,0,0.02687807,0.23793201,0.1554652
1541856107369,0,0,0,0.0852157,0.3210097,0.22815818
1541856107389,0,0,0,0.06078109,0.12370021,0.13500121
1541856107409,0,0,0,0.024740042,-0.12522738,0.058643065
1541856107429,0,0,0,0.10476339,-0.06505715,0.16279559
1541856107449,0,0,0,0.32284227,0.38423425,0.20952678
1541856107468,0,0,0,0.6774496,0.9300423,0.1301143
1541856107488,0,0,0,0.7275405,1.3213016,0.048258353
1541856107508,0,0,0,0.42546764,1.072374,0.032986723
1541856107533,0,0,0,-0.054061573,0.49510628,0.11759156
1541856107548,0,0,0,-0.32559118,-0.024129177,0.116675265
1541856107569,0,0,0,-0.2678644,-0.23823744,0.10751228
1541856107588,0,0,0,0.003970624,-0.3463606,0.12644911
1541856107611,0,0,0,0.1337795,-0.21380283,0.101098195
1541856107652,0,0,0,-0.071776666,-0.03940081,0.03940081
1541856107662,0,0,0,-0.2864958,0.04917465,0.003970624
1541856107673,0,0,0,-0.3399465,-0.021991149,-0.04337143
1541856107690,0,0,0,-0.30115658,-0.11178834,-0.1020145
1541856107709,0,0,0,-0.22143865,-0.17592919,-0.14569137
1541856107729,0,0,0,-0.098043874,-0.08368854,-0.15607607
1541856107747,0,0,0,-0.06688975,0.015882496,-0.12705997
1541856107775,0,0,0,-0.12095132,-0.041233405,-0.113926366
1541856107787,0,0,0,-0.16982053,-0.12797627,-0.09254608
1541856107826,0,0,0,-0.19211712,-0.24740042,-0.06811147
1541856107831,0,0,0,-0.1572978,-0.24007004,-0.076358154
1541856107848,0,0,0,-0.07727446,-0.10629055,-0.089491755
1541856107867,0,0,0,-0.023823744,0.058643065,-0.09315695
1541856107888,0,0,0,-0.064446285,0.13133603,-0.08552113
1541856107908,0,0,0,-0.20372356,0.07971791,-0.07849618
1541856107928,0,0,0,-0.33933565,-0.059253927,-0.052839845
1541856107947,0,0,0,-0.3100141,-0.16676621,-0.013744468
1541856107967,0,0,0,-0.19486602,-0.13561209,0.03176499
1541856107987,0,0,0,-0.16432275,0.060170226,0.052534413
1541856108007,0,0,0,-0.35216382,0.2049453,0.04734206
1541856108027,0,0,0,-0.6585127,0.3472769,0.04734206
1541856108047,0,0,0,-0.61544675,0.22999077,-0.07238753
1541856108068,0,0,0,-0.48166725,0.058337633,-0.07696902
1541856108088,0,0,0,-0.42363504,0.14202617,-0.03970624
1541856108109,0,0,0,-0.40408736,0.30390546,-0.011911872
1541856108128,0,0,0,-0.40683624,0.2406809,-0.010079277
1541856108147,0,0,0,-0.30757064,0.035124753,-0.023823744
1541856108169,0,0,0,-0.22418754,-0.0711658,-0.032375857
1541856108189,0,0,0,-0.16798794,-0.03940081,-0.043982297
1541856108209,0,0,0,-0.062002823,-0.017715093,-0.06047566
1541856108229,0,0,0,0.0421497,0.008552114,-0.058337633
1541856108248,0,0,0,-0.016187929,0.024129177,-0.04184427
1541856108269,0,0,0,-0.14110987,-9.162979E-4,-0.041233405
1541856108289,0,0,0,-0.26145032,-0.04520403,-0.017715093
1541856108310,0,0,0,-0.2519819,-0.065973446,-0.051923547
1541856108329,0,0,0,-0.2171626,-0.08827003,-0.11148291
1541856108350,0,0,0,-0.1563815,-0.084910266,-0.1826487
1541856108369,0,0,0,-0.0421497,0.086437434,-0.20830505
1541856108389,0,0,0,0.03268129,0.28130344,-0.0290161
1541856108409,0,0,0,-0.096516706,0.22693644,0.09468412
1541856108430,0,0,0,-0.10293079,0.1872302,0.058643065
1541856108449,0,0,0,-0.05681047,0.06169739,-0.044593163
1541856108470,0,0,0,-9.162979E-4,-0.13713925,-0.12308934
1541856108490,0,0,0,0.19425514,-0.22632557,-0.14385876
1541856108511,0,0,0,0.4981606,-0.089491755,-0.09896017
1541856108531,0,0,0,0.6621779,0.20799962,-0.050701816
1541856108550,0,0,0,0.6753115,0.5271767,-0.034513887
1541856108570,0,0,0,0.5222898,0.5635232,-0.06291912
1541856108591,0,0,0,0.27947086,0.3998113,-0.059253927
1541856108611,0,0,0,0.11728613,0.17745635,-0.008857546
1541856108630,0,0,0,0.06566802,0.008246681,0.07849618
1541856108649,0,0,0,0.04153884,-0.076358154,0.100792766
1541856108670,0,0,0,0.0693332,-0.052534413,0.06811147
1541856108689,0,0,0,0.13072516,0.067500606,0.040317107
1541856108711,0,0,0,0.09285152,0.12858713,0.03848451
1541856108730,0,0,0,-0.053450707,0.074830994,0.0070249503
1541856108751,0,0,0,-0.1133155,-0.0033597588,-0.028099801
1541856108770,0,0,0,-0.070249505,0.0018325958,-0.017104227
1541856109221,0,0,0,-0.070249505,0.079107046,-0.121256754
1541856109225,0,0,0,-0.14172074,0.07544186,-0.1591304
1541856109240,0,0,0,-0.13591751,-0.02107485,-0.15118915
1541856109246,0,0,0,-0.22999077,-0.10842858,-0.13530666
1541856109258,0,0,0,-0.3109304,-0.1563815,-0.14813483
1541856109262,0,0,0,-0.25228736,-0.13713925,-0.17348573
1541856109270,0,0,0,-0.109650314,-0.14355333,-0.16890424
1541856109278,0,0,0,0.016493361,-0.099265605,-0.13164146
1541856109286,0,0,0,0.24007004,0.025350908,-0.12461651
1541856109293,0,0,0,0.2864958,0.14752395,-0.09987647
1541856109301,0,0,0,0.14202617,0.12858713,-0.09162979
1541856109309,0,0,0,0.022907447,-0.02076942,-0.13194689
1541856109316,0,0,0,0.054367006,-0.13530666,-0.16249016
1541856109325,0,0,0,0.24098633,-0.09773844,-0.18936823
1541856109346,0,0,0,0.4196644,0.005497787,-0.20891592
1541856109369,0,0,0,0.3268129,0.12583824,-0.12370021
1541856109384,0,0,0,0.14477506,0.18967366,-0.0693332
1541856109415,0,0,0,0.082161374,0.14019357,-0.08277224
1541856109425,0,0,0,0.061086524,0.06963864,-0.084910266
1541856109445,0,0,0,0.092240654,0.037873644,-0.080634214
1541856109467,0,0,0,0.20922135,0.069027774,-0.09132435
1541856109494,0,0,0,0.33414328,0.1255328,-0.12736541
1541856109512,0,0,0,0.27183503,0.13897185,-0.1459968
1541856109535,0,0,0,0.12522738,9.162979E-4,-0.1301143
1541856109548,0,0,0,0.02076942,-0.08582657,-0.08307768
1541856109566,0,0,0,0.101098195,-0.064751714,-0.049785517
1541856109594,0,0,0,0.15454891,0.027794369,-0.043676864
1541856109610,0,0,0,0.17165314,0.12003502,-0.06261369
1541856109634,0,0,0,0.1908954,0.1432479,-0.071776666
1541856109644,0,0,0,0.2098322,0.14294247,-0.06414085
1541856109666,0,0,0,0.20586158,0.15882497,-0.09468412
1541856109694,0,0,0,0.13897185,0.13683382,-0.11881329
1541856109709,0,0,0,0.08857546,0.043982297,-0.118507855
1541856109724,0,0,0,0.09987647,-0.059253927,-0.105374254
1541856109744,0,0,0,0.17165314,-0.049785517,-0.099265605
1541856109766,0,0,0,0.19914207,0.019547688,-0.09468412
1541856109785,0,0,0,0.1826487,0.08155051,-0.09040806
1541856109804,0,0,0,0.11178834,0.086437434,-0.071776666
1541856109824,0,0,0,0.08093964,0.0125227375,-0.06566802
1541856109844,0,0,0,0.07666359,0.005192355,-0.07452556
1541856109867,0,0,0,0.048258353,0.01863139,-0.06994407
1541856109886,0,0,0,0.02076942,0.0027488936,-0.034513887
1541856109906,0,0,0,0.021991149,0.021685716,-0.024740042
1541856109924,0,0,0,-0.016493361,0.06566802,-0.012217305
1541856109944,0,0,0,-0.095294975,0.043066,-0.019242255
1541856109964,0,0,0,-0.074830994,-0.06291912,-0.046120327
1541856109984,0,0,0,0.0070249503,-0.08093964,-0.051923547
1541856110007,0,0,0,0.13316862,-0.005497787,-0.04550946
1541856110024,0,0,0,0.16340645,0.08246681,-0.04734206
1541856110044,0,0,0,0.096516706,0.07727446,-0.053450707
1541856110064,0,0,0,0.003970624,0.003970624,-0.061391957
1541856110084,0,0,0,6.1086525E-4,-0.017104227,-0.069027774
1541856110107,0,0,0,0.062308256,-0.0076358155,-0.057421334
1541856110124,0,0,0,0.13103059,0.06291912,-0.031154128
1541856110145,0,0,0,0.056505036,0.13530666,-0.025961773
1541856110167,0,0,0,-0.16554448,0.09254608,-0.02076942
1541856110188,0,0,0,-0.28955013,-0.14355333,-0.0125227375
1541856110207,0,0,0,-0.23915374,-0.29535335,-0.0143553335
1541856110226,0,0,0,-0.055283304,-0.25442538,-0.034513887
1541856110245,0,0,0,0.11575896,-0.044593163,-0.042760566
1541856110266,0,0,0,0.098043874,0.13316862,-0.013439035
1541856110290,0,0,0,-0.040011674,0.17745635,-0.0061086523
1541856110311,0,0,0,-0.11209377,0.055588737,-0.03726278
1541856110338,0,0,0,-0.09285152,-0.10720685,-0.059864793
1541856110346,0,0,0,0.043066,-0.1777618,-0.048563786
1541856110367,0,0,0,0.15363261,-0.049480084,-0.03634648
1541856110392,0,0,0,0.16982053,0.1255328,-0.01740966
1541856110408,0,0,0,0.06688975,0.22418754,-0.04917465
1541856110429,0,0,0,-0.06169739,0.122478485,-0.074830994
1541856110450,0,0,0,-0.15668693,-0.039095376,-0.08857546
1541856110465,0,0,0,-0.1151481,-0.1826487,-0.071776666
1541856110486,0,0,0,0.010079277,-0.10048734,-0.11362094
1541856110506,0,0,0,0.03634648,0.08857546,-0.105068825
1541856110525,0,0,0,-0.019547688,0.109650314,-0.118507855
1541856110546,0,0,0,-0.054061573,0.03634648,-0.11484267
1541856110567,0,0,0,0.0027488936,0.03634648,-0.094989546
1541856110588,0,0,0,0.103847094,0.033292156,-0.07819075
1541856110608,0,0,0,0.12034045,0.04886922,-0.074830994
1541856110626,0,0,0,0.0,0.044593163,-0.08735373
1541856110646,0,0,0,-0.19272798,-0.07696902,-0.08277224
1541856110667,0,0,0,-0.37812558,-0.28680122,-0.017715093
1541856110693,0,0,0,-0.21838433,-0.41355577,0.07513642
1541856110709,0,0,0,0.15332718,-0.04428773,0.08032878
1541856110727,0,0,0,0.47403142,0.48166725,-0.004886922
1541856110746,0,0,0,0.51893,0.6591236,-0.12614368
1541856110766,0,0,0,0.05009095,0.5537493,-0.19486602
1541856110788,0,0,0,-0.4541783,0.17256944,-0.13469578
1541856110809,0,0,0,-0.64476824,-0.2125811,0.036651913
1541856110827,0,0,0,-0.5317582,-0.46700647,0.09101892
1541856110846,0,0,0,-0.32620203,-0.44868052,-0.011301007
1541856110866,0,0,0,-0.21838433,-0.30176744,-0.12156218
1541856110886,0,0,0,-0.052534413,-0.26267207,-0.23915374
1541856110906,0,0,0,0.09712757,-0.3136793,-0.26236662
1541856110926,0,0,0,0.2003638,-0.28924468,-0.20830505
1541856110947,0,0,0,0.3359759,-0.19517145,-0.18325958
1541856110966,0,0,0,0.4364632,-0.044898596,-0.17898351
1541856110997,0,0,0,0.51251596,0.109650314,-0.15760323
1541856111010,0,0,0,0.46028697,0.2742785,-0.17501289
1541856111027,0,0,0,0.27947086,0.2556471,-0.18051068
1541856111047,0,0,0,0.10293079,0.121256754,-0.09560041
1541856111066,0,0,0,-0.006414085,-0.035430185,-0.036957346
1541856111086,0,0,0,-0.093462385,-0.08307768,0.0027488936
1541856111109,0,0,0,-0.17562376,-0.17012598,0.013744468
1541856111126,0,0,0,-0.13622294,-0.15821409,0.010079277
1541856111146,0,0,0,0.016798794,-0.026267206,0.027794369
1541856111166,0,0,0,0.08093964,0.040317107,0.054061573
1541856111186,0,0,0,0.01740966,-0.08582657,0.009773844
1541856111206,0,0,0,-0.04428773,-0.2321288,-0.11636983
1541856111226,0,0,0,0.0571159,-0.2144137,-0.3136793
1541856111268,0,0,0,0.18967366,0.1881465,-0.30695978
1541856111275,0,0,0,0.24831672,0.4615087,-0.16340645
1541856111293,0,0,0,0.2171626,0.34972036,-0.09682214
1541856111310,0,0,0,0.108123146,0.070554934,-0.08032878
1541856111327,0,0,0,-0.028099801,-0.15393804,0.009468411
1541856111346,0,0,0,-0.040927973,-0.32895094,0.003970624
1541856111367,0,0,0,0.06536258,-0.18325958,-0.04917465
1541856111394,0,0,0,0.15088372,0.018020526,-0.1160644
1541856111407,0,0,0,0.14935656,0.10567969,-0.13469578
1541856111426,0,0,0,0.08277224,0.076052725,-0.13836098
1541856111446,0,0,0,0.06536258,-0.007330383,-0.13652839
1541856111467,0,0,0,0.098043874,-0.015271631,-0.12217305
1541856111486,0,0,0,0.062308256,0.006414085,-0.14935656
1541856111510,0,0,0,0.01160644,0.07819075,-0.16768251
1541856111527,0,0,0,0.03359759,0.124005646,-0.16401732
1541856111546,0,0,0,0.092240654,0.17287487,-0.15271631
1541856111568,0,0,0,0.10720685,0.23396139,-0.13958271
1541856111586,0,0,0,-0.048258353,0.20311269,-0.17104226
1541856111609,0,0,0,-0.18478674,0.11362094,-0.26725355
1541856111627,0,0,0,-0.1908954,0.12064589,-0.33169982
1541856111705,0,0,0,-0.18295415,0.17134771,-0.45081854
1541856111709,0,0,0,-0.111177474,0.23518312,-0.47525316
1541856111712,0,0,0,-0.0061086523,0.24312437,-0.5861252
1541856111715,0,0,0,-0.0061086523,0.043066,-0.514654
1541856111726,0,0,0,0.046731193,0.116675265,-0.267559
1541856111745,0,0,0,-0.028099801,0.06811147,-0.2144137
1541856111767,0,0,0,-0.14080444,-0.030543262,-0.321926
1541856111789,0,0,0,-0.1518,-0.07147124,-0.28252518
1541856111806,0,0,0,-0.034208454,-0.015577064,-0.20189096
1541856111826,0,0,0,0.03604105,0.01160644,-0.118507855
1541856111846,0,0,0,0.1020145,0.002443461,-0.069027774
1541856111866,0,0,0,0.2883284,0.031154128,-0.03756821
1541856111888,0,0,0,0.4297437,0.0693332,-0.02076942
1541856111906,0,0,0,0.3915646,0.052534413,-3.0543262E-4
1541856111926,0,0,0,0.36896262,0.1020145,-0.0067195175
1541856111946,0,0,0,0.376293,0.16676621,-0.01740966
1541856111966,0,0,0,0.312763,0.14935656,-0.025961773
1541856111987,0,0,0,0.18020524,0.052839845,-0.055283304
1541856112006,0,0,0,0.10781772,-0.11942416,-0.06780604
1541856112027,0,0,0,0.10995574,-0.23793201,-0.04734206
1541856112047,0,0,0,0.17592919,-0.17928895,-0.029932396
1541856112067,0,0,0,0.2144137,-0.059253927,-0.025350908
1541856112087,0,0,0,0.21288654,-0.021991149,-0.059253927
1541856112108,0,0,0,0.19730948,-0.048563786,-0.07971791
1541856112127,0,0,0,0.2660318,-0.06414085,-0.07452556
1541856112147,0,0,0,0.33353242,0.040317107,-0.087659165
1541856112167,0,0,0,0.31673363,0.13347405,-0.13408493
1541856112187,0,0,0,0.29565877,0.19333886,-0.16310102
1541856112207,0,0,0,0.2489276,0.1826487,-0.16279559
1541856112227,0,0,0,0.2171626,0.08674286,-0.1863139
1541856112247,0,0,0,0.21288654,-0.055588737,-0.19761491
1541856112268,0,0,0,0.21288654,-0.12950343,-0.18112154
1541856112288,0,0,0,0.22418754,-0.22357668,-0.18600847
1541856112308,0,0,0,0.24801129,-0.2501493,-0.1853976
1541856112328,0,0,0,0.28008172,-0.21991149,-0.19914207
1541856112348,0,0,0,0.23518312,-0.1432479,-0.20677789
1541856112368,0,0,0,0.14263703,-0.082161374,-0.21655174
1541856112388,0,0,0,0.11056661,-0.1151481,-0.23487769
1541856112408,0,0,0,0.08735373,-0.20677789,-0.24404067
1541856112428,0,0,0,0.094989546,-0.23701571,-0.23640485
1541856112447,0,0,0,0.16737708,-0.18325958,-0.21533
1541856112468,0,0,0,0.26083946,-0.06383542,-0.20341812
1541856112488,0,0,0,0.30787608,0.10354166,-0.19394971
1541856112508,0,0,0,0.267559,0.23243423,-0.1863139
1541856112529,0,0,0,0.15118915,0.21594086,-0.16554448
1541856112549,0,0,0,0.07544186,0.08827003,-0.14966199
1541856112570,0,0,0,0.1133155,-0.002443461,-0.14874569
1541856112589,0,0,0,0.14874569,0.0,-0.13622294
1541856112609,0,0,0,0.12889257,0.05589417,-0.11911872
1541856112628,0,0,0,0.12064589,0.098043874,-0.105068825
1541856112649,0,0,0,0.10293079,0.12797627,-0.0842994
1541856112669,0,0,0,0.04734206,0.16462818,-0.06719518
1541856112689,0,0,0,0.021380283,0.11301007,-0.060170226
1541856112709,0,0,0,0.06261369,0.087964594,-0.05009095
1541856112728,0,0,0,0.087659165,0.09468412,-0.064751714
1541856112749,0,0,0,0.061391957,0.1142318,-0.06505715
1541856112771,0,0,0,0.014660766,0.10629055,-0.05375614
1541856112788,0,0,0,0.005192355,0.061391957,-0.06719518
1541856112809,0,0,0,0.020158553,0.020158553,-0.082161374
1541856112829,0,0,0,0.05467244,0.017104227,-0.0870483
1541856112847,0,0,0,0.0888809,0.044898596,-0.0870483
1541856112867,0,0,0,0.41386122,0.06078109,-0.12736541
1541856112888,0,0,0,0.23243423,0.39920044,-0.05589417
1541856112907,0,0,0,-0.21594086,0.54061574,-0.038789943
1541856112927,0,0,0,-0.31245756,0.059253927,-0.037873644
1541856112947,0,0,0,-0.2134974,-0.3155119,-0.03848451
1541856112967,0,0,0,-0.032375857,-0.27122417,-0.029626964
1541856112987,0,0,0,0.057726767,-0.073303826,-0.01282817
1541856113007,0,0,0,0.06261369,0.086437434,-0.067500606
1541856113027,0,0,0,-0.01160644,0.095294975,-0.084910266
1541856113047,0,0,0,-0.061391957,-0.018936822,-0.090713486
1541856113067,0,0,0,-0.021991149,-0.10873401,-0.09468412
1541856113087,0,0,0,0.057421334,-0.11911872,-0.09040806
1541856113107,0,0,0,0.054367006,-0.06780604,-0.08093964
1541856113127,0,0,0,0.013133603,0.0018325958,-0.07788532
1541856113148,0,0,0,-0.020158553,0.01038471,-0.067500606
1541856113168,0,0,0,-0.038789943,-0.01985312,-0.057726767
1541856113187,0,0,0,-0.06414085,-0.036651913,-0.042455133
1541856113208,0,0,0,-0.058948494,-0.033292156,-0.06719518
1541856113228,0,0,0,-0.02076942,-0.038789943,-0.071776666
1541856113248,0,0,0,0.013744468,-0.021991149,-0.07086037
1541856113270,0,0,0,0.043066,0.013439035,-0.093767814
1541856113288,0,0,0,0.02687807,0.03726278,-0.08277224
1541856113308,0,0,0,-0.004581489,0.03970624,-0.0580322
1541856113328,0,0,0,-0.0021380284,0.027794369,-0.059253927
1541856113348,0,0,0,-0.0036651916,0.005497787,-0.063224554
1541856113369,0,0,0,-0.026572637,0.007941248,-0.05100725
1541856113389,0,0,0,-0.05681047,0.0067195175,-0.05222898
1541856113408,0,0,0,-0.0842994,-0.0061086523,-0.04886922
1541856113428,0,0,0,-0.15118915,-0.021380283,-0.03604105
1541856113448,0,0,0,-0.22632557,-0.012217305,-0.04184427
1541856113469,0,0,0,-0.14935656,-0.062308256,-0.07880162
1541856113489,0,0,0,-0.05955936,-0.07819075,-0.033292156
1541856113508,0,0,0,-0.05100725,-0.07727446,0.024129177
1541856113529,0,0,0,-0.061086524,-0.115453534,0.048258353
1541856113549,0,0,0,-0.04795292,-0.14294247,0.04062254
1541856113569,0,0,0,0.013133603,-0.4071417,0.04734206
1541856113589,0,0,0,-0.021380283,-0.35827246,0.057726767
1541856113609,0,0,0,-0.042760566,-0.22876903,0.0018325958
1541856113628,0,0,0,-0.016798794,-0.087659165,-0.084910266
1541856113649,0,0,0,0.04550946,0.05955936,-0.13530666
1541856113671,0,0,0,0.14721853,0.10415252,-0.16218472
1541856113689,0,0,0,0.17959438,0.09101892,-0.16249016
1541856113708,0,0,0,0.10415252,0.03726278,-0.13194689
1541856113728,0,0,0,-0.034208454,0.006414085,-0.070249505
1541856113750,0,0,0,-0.12583824,0.07696902,-0.030543262
1541856113771,0,0,0,-0.084910266,0.13775012,-0.06291912
1541856113791,0,0,0,-0.0106901415,0.12339478,-0.08582657
1541856113810,0,0,0,0.011911872,-0.004886922,-0.09743301
1541856113830,0,0,0,-0.021685716,-0.12736541,-0.109650314
1541856113850,0,0,0,-0.03726278,-0.19058995,-0.12889257
1541856113877,0,0,0,9.162979E-4,-0.18417588,-0.12217305
1541856113890,0,0,0,0.017104227,-0.073303826,-0.092240654
1541856113910,0,0,0,0.03940081,0.057421334,-0.07666359
1541856113930,0,0,0,0.06688975,0.116675265,-0.07513642
1541856113949,0,0,0,0.12339478,0.13133603,-0.09560041
1541856113971,0,0,0,0.19639318,0.13316862,-0.10995574
1541856113990,0,0,0,0.20250183,0.121256754,-0.093767814
1541856114010,0,0,0,0.17470746,0.093462385,-0.045814894
1541856114030,0,0,0,0.129198,0.23671028,-0.0036651916
1541856114050,0,0,0,-0.020463986,0.21166481,-0.017715093
1541856114071,0,0,0,-0.20097467,-0.0729984,-0.07788532
1541856114090,0,0,0,-0.21838433,-0.39064834,-0.054061573
1541856114110,0,0,0,-0.17592919,-0.52503866,-0.057421334
1541856114130,0,0,0,-0.062002823,-0.5699373,-0.07574729
1541856114150,0,0,0,0.062308256,-0.2519819,-0.05222898
1541856114171,0,0,0,0.14874569,0.12003502,-0.062308256
1541856114192,0,0,0,0.160963,0.2941316,-0.05497787
1541856114211,0,0,0,0.12980886,0.3576616,-0.017104227
1541856114231,0,0,0,0.07696902,0.37598756,-0.030543262
1541856114250,0,0,0,0.054367006,0.3640757,-0.080634214
1541856114273,0,0,0,0.013744468,0.25900686,-0.099571034
1541856114290,0,0,0,-0.051618114,0.1020145,-0.10629055
1541856114309,0,0,0,-0.045814894,-0.15882497,-0.11575896
1541856114329,0,0,0,0.029932396,-0.10629055,-0.118507855
1541856114349,0,0,0,0.14385876,0.20738874,-0.1337795
1541856114369,0,0,0,0.1554652,0.43310347,-0.16584991
1541856114392,0,0,0,0.100792766,0.36560285,-0.16035213
1541856114410,0,0,0,-0.014966198,0.14202617,-0.18234327
1541856114429,0,0,0,-0.12736541,-0.22357668,-0.20738874
1541856114449,0,0,0,-0.12980886,-0.43218717,-0.17531833
1541856114469,0,0,0,-0.03726278,-0.28160888,-0.13683382
1541856114490,0,0,0,0.04795292,0.05131268,-0.11178834
1541856114514,0,0,0,0.089491755,0.2302962,-0.119729586
1541856114531,0,0,0,-0.016187929,0.20769419,-0.11728613
1541856114551,0,0,0,-0.07666359,0.015577064,-0.12186762
1541856114572,0,0,0,-0.06078109,-0.15241088,-0.14508049
1541856114591,0,0,0,-0.019242255,-0.23884831,-0.1160644
1541856114611,0,0,0,0.009468411,-0.13103059,-0.07971791
1541856114630,0,0,0,0.047647487,-0.013744468,-0.06047566
1541856114651,0,0,0,0.029932396,0.10873401,-0.047647487
1541856114671,0,0,0,-0.02443461,0.10903945,-0.05467244
1541856114690,0,0,0,-0.042760566,0.05009095,-0.0711658
1541856114710,0,0,0,-0.042760566,-0.041233405,-0.070554934
1541856114731,0,0,0,-0.056199603,-0.09407325,-0.06627888
1541856114750,0,0,0,-0.07941248,-0.096516706,-0.04428773
1541856114771,0,0,0,-0.07971791,-0.06872234,-0.026572637
1541856114791,0,0,0,-0.061086524,-0.007941248,-0.029321533
1541856114810,0,0,0,-0.013744468,0.042760566,-0.03756821
1541856114831,0,0,0,-0.010079277,0.056199603,-0.041233405
1541856114850,0,0,0,-0.062308256,-0.018020526,-0.05589417
1541856114872,0,0,0,-0.102319926,-0.1328632,-0.06994407
1541856114891,0,0,0,-0.08155051,-0.19211712,-0.061391957
1541856114911,0,0,0,-0.013744468,-0.14019357,-0.061086524
1541856114931,0,0,0,0.039095376,-0.049785517,-0.0888809
1541856114954,0,0,0,0.09743301,-0.03359759,-0.11911872
1541856114972,0,0,0,0.08979719,-0.081855945,-0.106901415
1541856114990,0,0,0,0.028405234,-0.12217305,-0.07880162
1541856115011,0,0,0,0.0,-0.1414153,-0.058337633
1541856115031,0,0,0,-0.03573562,-0.07666359,-0.018325957
1541856115050,0,0,0,-0.038179077,0.0067195175,-0.02076942
1541856115072,0,0,0,-0.008246681,0.036651913,-0.052534413
1541856115092,0,0,0,0.018325957,0.03145956,-0.055588737
1541856115110,0,0,0,0.0021380284,0.0021380284,-0.06383542
1541856115131,0,0,0,0.019242255,-0.030543262,-0.06566802
1541856115151,0,0,0,0.043066,-0.018325957,-0.065973446
1541856115172,0,0,0,0.03604105,0.005497787,-0.06078109
1541856115191,0,0,0,0.04184427,0.01985312,-0.052534413
1541856115211,0,0,0,0.044898596,0.0027488936,-0.061391957
1541856115230,0,0,0,0.0,-0.019547688,-0.041233405
1541856115250,0,0,0,-0.02443461,-0.014966198,-0.048258353
1541856115272,0,0,0,-0.022296581,0.028099801,-0.058948494
1541856115291,0,0,0,-0.03481932,0.048563786,-0.053145275
1541856115311,0,0,0,-0.021685716,0.059253927,-0.048258353
1541856115331,0,0,0,0.014966198,0.030543262,-0.053145275
1541856115351,0,0,0,0.038179077,0.018936822,-0.064446285
1541856115371,0,0,0,0.03604105,0.030543262,-0.06261369
1541856115391,0,0,0,0.061391957,0.053145275,-0.055588737
1541856115411,0,0,0,0.040317107,0.06352998,-0.03634648
1541856115430,0,0,0,-0.010995574,0.05131268,-0.034208454
1541856115451,0,0,0,0.024740042,0.034513887,-0.04795292
1541856115473,0,0,0,0.05222898,0.0290161,-0.06505715
1541856115491,0,0,0,0.047647487,0.03634648,-0.06841691
1541856115511,0,0,0,0.037873644,0.03023783,-0.04917465
1541856115531,0,0,0,0.038179077,0.03634648,-0.048258353
1541856115551,0,0,0,0.0106901415,0.0143553335,-0.035124753
1541856115573,0,0,0,-0.010079277,0.015577064,-0.019547688
1541856115596,0,0,0,-0.014660766,0.03940081,-0.046120327
1541856115611,0,0,0,0.009468411,0.036651913,-0.049785517
1541856115631,0,0,0,0.0290161,0.05100725,-0.05009095
1541856115652,0,0,0,0.027488936,0.051923547,-0.062308256
1541856115672,0,0,0,-0.021685716,0.04917465,-0.064751714
1541856115692,0,0,0,6.1086525E-4,0.032986723,-0.09010262
1541856115712,0,0,0,0.058643065,0.03268129,-0.08979719
1541856115732,0,0,0,0.06688975,0.0580322,-0.06352998
1541856115751,0,0,0,-0.005497787,0.07727446,-0.052839845
1541856115772,0,0,0,-0.025350908,0.03481932,-0.048563786
1541856115791,0,0,0,0.019242255,-0.010079277,-0.058337633
1541856115812,0,0,0,0.027183503,0.029932396,-0.060170226
1541856115831,0,0,0,0.043066,0.0711658,-0.064751714
1541856115852,0,0,0,0.024740042,0.07391469,-0.050701816
1541856115872,0,0,0,-0.015271631,0.04886922,-0.048258353
1541856115892,0,0,0,-0.0106901415,0.040927973,-0.054367006
1541856115912,0,0,0,0.013439035,0.048258353,-0.041233405
1541856115932,0,0,0,0.011911872,0.055588737,-0.04337143
1541856115952,0,0,0,0.018325957,0.040317107,-0.042760566
1541856115972,0,0,0,0.04917465,0.043066,-0.04153884
1541856115992,0,0,0,0.025350908,0.05131268,-0.043676864
1541856116012,0,0,0,0.00580322,0.057421334,-0.052534413
1541856116033,0,0,0,0.03848451,0.051618114,-0.046731193
1541856116052,0,0,0,0.03023783,0.042760566,-0.0421497
1541856116072,0,0,0,0.010079277,0.040927973,-0.055283304
1541856116093,0,0,0,0.038789943,0.047036625,-0.044593163
1541856116112,0,0,0,0.011911872,0.06352998,-0.025961773
1541856116133,0,0,0,-0.025350908,0.07086037,-0.026572637
1541856116152,0,0,0,-0.0076358155,0.067500606,-0.029932396
1541856116173,0,0,0,0.025045475,0.058337633,-0.04184427
1541856116192,0,0,0,0.042455133,0.04917465,-0.058948494
1541856116213,0,0,0,0.042760566,0.04917465,-0.053450707
1541856116234,0,0,0,0.012217305,0.049480084,-0.039095376
1541856116252,0,0,0,-0.027794369,0.027183503,-0.029932396
1541856116273,0,0,0,-0.01160644,0.008246681,-0.03940081
1541856116293,0,0,0,6.1086525E-4,-3.0543262E-4,-0.023518313
1541856116314,0,0,0,-0.04550946,0.01985312,-0.02565634
1541856116330,0,0,0,-0.07422013,0.027183503,-0.047036625
1541856116351,0,0,0,-0.116675265,0.004581489,-0.027488936
1541856116370,0,0,0,-0.13133603,-0.0290161,-0.016187929
1541856116391,0,0,0,-0.12370021,-0.03023783,0.027794369
1541856116411,0,0,0,-0.09590584,-0.0067195175,0.027794369
1541856116432,0,0,0,-0.051923547,-0.035124753,0.01038471
1541856116452,0,0,0,0.0070249503,-0.026267206,-0.013133603
1541856116473,0,0,0,0.06352998,0.03390302,-0.042455133
1541856116492,0,0,0,0.07727446,0.07238753,-0.048258353
1541856116512,0,0,0,0.044898596,0.06658431,-0.051618114
1541856116532,0,0,0,0.019242255,0.01985312,-0.043676864
1541856116552,0,0,0,0.034513887,0.025961773,-0.030543262
1541856116572,0,0,0,0.038789943,0.05222898,-0.028099801
1541856116592,0,0,0,0.04520403,0.06414085,-0.02321288
1541856116612,0,0,0,0.024740042,0.050396383,-0.0061086523
1541856116633,0,0,0,-0.02443461,0.023823744,0.0015271631
1541856116652,0,0,0,-0.0015271631,0.032375857,-3.0543262E-4
1541856116672,0,0,0,0.0580322,0.062308256,-0.026267206
1541856116692,0,0,0,0.056199603,0.112704635,-0.04062254
1541856116712,0,0,0,0.058643065,0.1600467,-0.045814894
1541856116733,0,0,0,0.09101892,0.17440203,-0.03145956
1541856116752,0,0,0,0.070554934,0.16829337,-0.020463986
1541856116773,0,0,0,0.048563786,0.1685988,-0.013744468
1541856116793,0,0,0,0.0571159,0.15760323,0.033292156
1541856116813,0,0,0,0.061086524,0.14508049,0.061086524
1541856116833,0,0,0,0.010995574,0.1432479,0.051923547
1541856116853,0,0,0,0.015271631,0.08155051,0.019242255
1541856116873,0,0,0,0.047647487,0.01740966,0.0030543262
1541856116955,0,0,0,0.07849618,0.0125227375,-0.032986723
1541856116964,0,0,0,0.10995574,0.08002335,-0.06291912
1541856116973,0,0,0,0.111177474,0.14446963,-0.05497787
1541856116981,0,0,0,0.084910266,0.17592919,-0.033292156
1541856116987,0,0,0,0.06963864,0.18875736,-0.028405234
1541856116997,0,0,0,0.020463986,0.20525073,-0.03176499
1541856117013,0,0,0,-0.035124753,0.1386664,-0.044593163
1541856117031,0,0,0,-0.027794369,0.054367006,-0.056505036
1541856117051,0,0,0,0.01740966,0.013133603,-0.06047566
1541856117072,0,0,0,0.036651913,0.049785517,-0.065973446
1541856117091,0,0,0,0.033292156,0.10445796,-0.07238753
1541856117112,0,0,0,0.04153884,0.09193522,-0.09621128
1541856117131,0,0,0,0.31031954,0.03940081,-0.13133603
1541856117151,0,0,0,0.2171626,0.172264,-0.09468412
1541856117171,0,0,0,-0.14446963,0.43768495,-0.027183503
1541856117191,0,0,0,-0.19517145,0.049785517,-0.035430185
1541856117212,0,0,0,-0.053450707,-0.2574797,-0.032986723
1541856117232,0,0,0,0.09010262,-0.16126843,-0.027794369
1541856117252,0,0,0,0.13836098,0.06383542,-0.038789943
1541856117272,0,0,0,0.06627888,0.14538592,-0.03634648
1541856117292,0,0,0,-0.010079277,0.110872045,-0.039095376
1541856117311,0,0,0,-0.017104227,-0.011911872,-0.034208454
1541856117332,0,0,0,0.003970624,-0.05222898,-0.025045475
1541856117351,0,0,0,0.043982297,0.0,-0.03604105
1541856117372,0,0,0,0.05467244,0.051923547,-0.03573562
1541856117392,0,0,0,0.032375857,0.07360926,-0.029932396
1541856117412,0,0,0,0.02076942,0.057726767,-0.04153884
1541856117432,0,0,0,0.016798794,0.032986723,-0.03573562
1541856117452,0,0,0,3.0543262E-4,0.023518313,-0.022907447
1541856117473,0,0,0,0.0015271631,0.03726278,-0.038789943
1541856117491,0,0,0,0.005192355,0.038179077,-0.04886922
1541856117512,0,0,0,-0.0021380284,0.022907447,-0.03634648
1541856117532,0,0,0,-6.1086525E-4,0.008552114,-0.03634648
1541856117552,0,0,0,0.03573562,0.028405234,-0.061391957
1541856117574,0,0,0,0.035430185,0.04886922,-0.06414085
1541856117592,0,0,0,0.03940081,0.044593163,-0.07971791
1541856117613,0,0,0,0.03756821,0.03604105,-0.07422013
1541856117632,0,0,0,0.042760566,0.017104227,-0.06414085
1541856117652,0,0,0,0.038789943,0.03359759,-0.06688975
1541856117674,0,0,0,0.03848451,0.048258353,-0.06841691
1541856117693,0,0,0,0.025045475,0.030848695,-0.070554934
1541856117712,0,0,0,0.0,0.013744468,-0.0693332
1541856117732,0,0,0,0.0571159,0.0018325958,-0.06627888
1541856117752,0,0,0,0.05009095,0.020158553,-0.070554934
1541856117773,0,0,0,0.0,0.023518313,-0.0729984
1541856117793,0,0,0,-0.02321288,-0.0018325958,-0.0571159
1541856117813,0,0,0,-0.032070424,-0.038789943,-0.051923547
1541856117832,0,0,0,-0.03726278,-0.052839845,-0.06536258
1541856117852,0,0,0,0.027183503,-0.070554934,-0.099571034
1541856117873,0,0,0,0.09590584,-0.055588737,-0.09040806
1541856117892,0,0,0,0.08155051,-0.009468411,-0.064751714
1541856117912,0,0,0,0.02107485,0.013133603,-0.053145275
1541856117932,0,0,0,9.162979E-4,-0.018936822,-0.04886922
1541856117952,0,0,0,0.05222898,-0.050396383,-0.077579886
1541856117973,0,0,0,0.08246681,-0.02321288,-0.0870483
1541856117993,0,0,0,0.07574729,0.029626964,-0.090713486
1541856118013,0,0,0,0.016798794,0.049480084,-0.07422013
1541856118033,0,0,0,-0.008552114,0.0027488936,-0.083383106
1541856118052,0,0,0,0.009162978,-0.015271631,-0.098043874
1541856118074,0,0,0,0.070249505,-0.0015271631,-0.099265605
1541856118093,0,0,0,0.06414085,0.05375614,-0.09254608
1541856118114,0,0,0,0.0076358155,0.06872234,-0.09437868
1541856118133,0,0,0,-0.00580322,0.04520403,-0.09896017
1541856118153,0,0,0,0.010079277,0.002443461,-0.099571034
1541856118174,0,0,0,0.034513887,0.00580322,-0.11881329
1541856118193,0,0,0,0.07360926,0.056505036,-0.14538592
1541856118214,0,0,0,0.06414085,0.116980694,-0.1469131
1541856118234,0,0,0,0.056505036,0.09040806,-0.1554652
1541856118254,0,0,0,0.065973446,0.010079277,-0.17531833
1541856118276,0,0,0,0.0720821,-0.013133603,-0.18600847
1541856118293,0,0,0,-0.090713486,0.008857546,-0.12370021
1541856118312,0,0,0,-0.2996294,0.112704635,0.01985312
1541856118333,0,0,0,0.036651913,0.0729984,-0.08460484
1541856118352,0,0,0,0.15668693,0.056505036,-0.099571034
1541856118372,0,0,0,0.03145956,-9.162979E-4,-0.06811147
1541856118393,0,0,0,-0.0125227375,-0.04917465,-0.052839845
1541856118412,0,0,0,-0.005497787,-0.0012217305,-0.011911872
1541856118434,0,0,0,-0.0106901415,0.0125227375,0.015882496
1541856118455,0,0,0,0.002443461,-0.017715093,0.009162978
1541856118473,0,0,0,0.045814894,-0.019547688,-0.0067195175
1541856118496,0,0,0,0.05009095,-0.005192355,-0.027488936
1541856118519,0,0,0,0.032375857,-0.02687807,-0.032986723
1541856118537,0,0,0,0.017715093,-0.014049901,-0.01160644
1541856118552,0,0,0,0.035124753,0.009468411,-0.002443461
1541856118575,0,0,0,0.039095376,0.01863139,-0.0070249503
1541856118593,0,0,0,0.012217305,0.013744468,-0.0106901415
1541856118614,0,0,0,0.003970624,0.017104227,-0.013744468
1541856118633,0,0,0,0.006414085,0.021685716,-0.02443461
1541856118652,0,0,0,0.008246681,-0.0021380284,-0.020158553
1541856118674,0,0,0,0.009773844,0.02107485,-0.014049901
1541856118694,0,0,0,0.03848451,0.03573562,-0.027794369
1541856118713,0,0,0,0.04337143,0.044898596,-0.028710667
1541856118732,0,0,0,0.0070249503,0.04184427,-0.038179077
1541856118752,0,0,0,0.0067195175,0.020463986,-0.04184427
1541856118773,0,0,0,0.01160644,0.009773844,-0.05009095
1541856118793,0,0,0,0.010079277,0.026572637,-0.04184427
1541856118812,0,0,0,0.024740042,0.029932396,-0.039095376
1541856118832,0,0,0,0.03481932,0.026267206,-0.03359759
1541856118853,0,0,0,-0.0027488936,0.01740966,-0.033292156
1541856118875,0,0,0,-0.008857546,0.03573562,-0.03940081
1541856118893,0,0,0,0.015577064,0.03970624,-0.053145275
1541856118912,0,0,0,0.019547688,0.028405234,-0.06719518
1541856118933,0,0,0,0.040011674,0.01985312,-0.07574729
1541856118952,0,0,0,0.02321288,0.03726278,-0.063224554
1541856118976,0,0,0,-0.007330383,0.040927973,-0.055588737
1541856118993,0,0,0,-0.01863139,0.004581489,-0.04886922
1541856119013,0,0,0,0.0076358155,-0.003970624,-0.04428773
1541856119033,0,0,0,0.03023783,0.004886922,-0.069027774
1541856119053,0,0,0,0.03268129,0.025045475,-0.073303826
1541856119074,0,0,0,0.030848695,0.03023783,-0.06841691
1541856119093,0,0,0,0.0036651916,0.029932396,-0.0580322
1541856119113,0,0,0,-0.009773844,0.03970624,-0.04184427
1541856119133,0,0,0,-0.004276057,0.043066,-0.048563786
1541856119153,0,0,0,-0.011301007,0.031154128,-0.044593163
1541856119174,0,0,0,-0.01038471,0.019547688,-0.046731193
1541856119193,0,0,0,0.02565634,0.04337143,-0.060170226
1541856119214,0,0,0,0.013133603,0.06566802,-0.05131268
1541856119234,0,0,0,-0.010079277,0.04184427,-0.043066
1541856119254,0,0,0,-0.009162978,0.01985312,-0.05222898
1541856119274,0,0,0,0.022602014,0.02321288,-0.061086524
1541856119294,0,0,0,0.032070424,0.04062254,-0.05681047
1541856119314,0,0,0,0.0067195175,0.055283304,-0.05131268
1541856119334,0,0,0,-0.008552114,0.03390302,-0.03726278
1541856119353,0,0,0,-0.0106901415,0.020158553,-0.032986723
1541856119374,0,0,0,0.014660766,0.020463986,-0.045814894
1541856119394,0,0,0,0.053450707,0.03756821,-0.063224554
1541856119414,0,0,0,0.044898596,0.036957346,-0.06169739
1541856119438,0,0,0,0.0033597588,0.021685716,-0.05955936
1541856119454,0,0,0,-0.05589417,0.04795292,-0.0290161
1541856119474,0,0,0,0.027794369,0.14752395,-0.018020526
1541856119494,0,0,0,-0.054061573,0.08307768,-0.035124753
1541856119513,0,0,0,-0.032375857,-0.08735373,-0.032375857
1541856119533,0,0,0,0.09162979,-0.028405234,-0.05375614
1541856119553,0,0,0,0.06963864,0.10048734,-0.061086524
1541856119574,0,0,0,0.015577064,0.0711658,-0.049785517
1541856119593,0,0,0,-0.028710667,-0.007941248,-0.030543262
1541856119613,0,0,0,-0.0143553335,-0.03573562,-0.03359759
1541856119634,0,0,0,0.009468411,0.0076358155,-0.050701816
1541856119653,0,0,0,0.024129177,0.010995574,-0.05100725
1541856119674,0,0,0,0.0061086523,0.01038471,-0.057421334
1541856119694,0,0,0,0.005192355,0.0033597588,-0.06566802
1541856119713,0,0,0,0.029626964,0.03145956,-0.051923547
1541856119733,0,0,0,-0.0033597588,0.05222898,-0.035430185
1541856119754,0,0,0,-0.004886922,0.05955936,-0.031154128
1541856119775,0,0,0,0.02107485,0.04886922,-0.034208454
1541856119794,0,0,0,0.019242255,0.030543262,-0.04550946
1541856119816,0,0,0,0.01985312,0.02565634,-0.056199603
1541856119834,0,0,0,0.059253927,0.032375857,-0.063224554
1541856119856,0,0,0,0.052534413,0.055588737,-0.04428773
1541856119878,0,0,0,0.025045475,0.06352998,-0.019242255
1541856119894,0,0,0,0.03756821,0.048258353,-0.020158553
1541856119914,0,0,0,0.021380283,0.025350908,-0.010995574
1541856119936,0,0,0,0.004581489,0.022602014,-0.025961773
1541856119954,0,0,0,0.04917465,0.03176499,-0.035124753
1541856119974,0,0,0,0.037873644,0.05222898,-0.04886922
1541856119994,0,0,0,3.0543262E-4,0.03604105,-0.049480084
1541856120014,0,0,0,0.03970624,0.021380283,-0.06841691
1541856120035,0,0,0,0.06261369,0.030848695,-0.06383542
1541856120054,0,0,0,0.047647487,0.02565634,-0.048563786
1541856120074,0,0,0,0.029626964,0.0076358155,-0.055283304
1541856120094,0,0,0,0.04734206,-6.1086525E-4,-0.056199603
1541856120114,0,0,0,0.041233405,0.02076942,-0.048563786
1541856120134,0,0,0,0.029321533,0.03023783,-0.044593163
1541856120154,0,0,0,0.034208454,0.029626964,-0.05375614
1541856120174,0,0,0,0.01282817,0.02687807,-0.048258353
1541856120194,0,0,0,0.006414085,0.04795292,-0.058337633
1541856120214,0,0,0,0.03023783,0.07269296,-0.04795292
1541856120235,0,0,0,0.027183503,0.062002823,-0.043982297
1541856120254,0,0,0,0.018325957,0.033292156,-0.035430185
1541856120274,0,0,0,0.042760566,0.013133603,-0.047036625
1541856120294,0,0,0,0.04153884,0.022907447,-0.062308256
1541856120314,0,0,0,0.029932396,0.03634648,-0.05681047
1541856120334,0,0,0,0.031154128,0.04734206,-0.060170226
1541856120354,0,0,0,0.008552114,0.057726767,-0.058643065
1541856120375,0,0,0,3.0543262E-4,0.061086524,-0.05955936
1541856120394,0,0,0,0.02321288,0.054061573,-0.065973446
1541856120414,0,0,0,0.062002823,0.040317107,-0.0711658
1541856120435,0,0,0,0.023518313,0.04642576,-0.054061573
1541856120455,0,0,0,0.007330383,0.047647487,-0.047036625
1541856120475,0,0,0,0.01282817,0.03848451,-0.05589417
1541856120495,0,0,0,0.031154128,0.006414085,-0.062308256
1541856120514,0,0,0,0.05467244,0.02076942,-0.07147124
1541856120534,0,0,0,0.046731193,0.07086037,-0.06505715
1541856120554,0,0,0,9.162979E-4,0.0888809,-0.0421497
1541856120575,0,0,0,-0.03145956,0.053450707,-0.046731193
1541856120594,0,0,0,0.018936822,0.009773844,-0.046731193
1541856120614,0,0,0,0.03268129,0.030848695,-0.028099801
1541856120634,0,0,0,-0.0015271631,0.070249505,-0.028710667
1541856120655,0,0,0,-0.023823744,0.0729984,-0.021991149
1541856120675,0,0,0,0.0030543262,0.03176499,-0.022602014
1541856120695,0,0,0,0.009468411,0.014660766,-0.027794369
1541856120715,0,0,0,0.0125227375,0.036651913,-0.034513887
1541856120735,0,0,0,0.027183503,0.069027774,-0.023518313
1541856120756,0,0,0,-0.004581489,0.06414085,-0.024129177
1541856120775,0,0,0,-0.036651913,0.041233405,-0.042760566
1541856120795,0,0,0,-0.018936822,0.017715093,-0.048563786
1541856120815,0,0,0,0.025961773,0.029626964,-0.049785517
1541856120836,0,0,0,0.03634648,0.049785517,-0.06627888
1541856120855,0,0,0,0.026267206,0.0580322,-0.06841691
1541856120876,0,0,0,0.0021380284,0.024740042,-0.058643065
1541856120895,0,0,0,-0.01038471,0.009162978,-0.043982297
1541856120915,0,0,0,0.007330383,0.0076358155,-0.03970624
1541856120934,0,0,0,0.03176499,0.043066,-0.04062254
1541856120955,0,0,0,0.005497787,0.055283304,-0.052839845
1541856120976,0,0,0,0.008246681,0.044593163,-0.054367006
1541856120995,0,0,0,0.00580322,0.03145956,-0.039095376
1541856121015,0,0,0,-0.007330383,0.026267206,-0.038789943
1541856121035,0,0,0,0.0106901415,0.03970624,-0.04184427
1541856121055,0,0,0,0.0580322,0.062002823,-0.060170226
1541856121077,0,0,0,0.03268129,0.058948494,-0.06383542
1541856121095,0,0,0,-0.002443461,0.03145956,-0.0571159
1541856121115,0,0,0,0.016493361,0.008246681,-0.045814894
1541856121135,0,0,0,0.03359759,0.01985312,-0.036957346
1541856121156,0,0,0,0.007941248,0.046120327,-0.020158553
1541856121177,0,0,0,-0.03604105,0.017715093,-0.0290161
1541856121195,0,0,0,-0.010079277,0.05589417,-0.025961773
1541856121215,0,0,0,0.025350908,0.0720821,-0.010079277
1541856121235,0,0,0,-0.025961773,0.12522738,-0.027488936
1541856121255,0,0,0,-0.03023783,0.08032878,-0.0076358155
1541856121275,0,0,0,-0.051618114,0.071776666,0.015882496
1541856121295,0,0,0,-0.053450707,0.05467244,0.021685716
1541856121315,0,0,0,0.008246681,0.025350908,-0.0076358155
1541856121335,0,0,0,0.023823744,0.032375857,-0.0106901415
1541856121355,0,0,0,0.032375857,0.056199603,-0.00580322
1541856121375,0,0,0,0.030543262,0.06688975,-0.019547688
1541856121396,0,0,0,0.016798794,0.035430185,-0.02565634
1541856121415,0,0,0,0.0015271631,0.02565634,-0.02565634
1541856121435,0,0,0,0.013744468,0.03481932,-0.03145956
1541856121456,0,0,0,0.028710667,0.047036625,-0.032070424
1541856121476,0,0,0,-0.0067195175,0.036957346,-0.024740042
1541856121495,0,0,0,-0.050701816,-0.002443461,-0.022907447
1541856121515,0,0,0,-0.02565634,-0.07513642,-0.03604105
1541856121535,0,0,0,0.03176499,-0.058643065,-0.04337143
1541856121555,0,0,0,0.049785517,0.03970624,-0.043066
1541856121576,0,0,0,0.044898596,0.074830994,-0.06505715
1541856121595,0,0,0,-0.0021380284,0.06169739,-0.0571159
1541856121615,0,0,0,-0.021380283,0.019242255,-0.058643065
1541856121636,0,0,0,0.01038471,0.01282817,-0.058643065
1541856121655,0,0,0,0.0290161,0.033292156,-0.04153884
1541856121676,0,0,0,-0.0021380284,0.043676864,-0.042760566
1541856121695,0,0,0,-0.03604105,0.016493361,-0.048258353
1541856121715,0,0,0,-0.023518313,0.009162978,-0.044898596
1541856121735,0,0,0,-0.022296581,0.044593163,-0.034208454
1541856121756,0,0,0,-0.03176499,0.064446285,-0.047036625
1541856121776,0,0,0,-0.0421497,0.021380283,-0.03573562
1541856121796,0,0,0,-0.022602014,-0.011301007,-0.02687807
1541856121816,0,0,0,0.014660766,-0.0018325958,-0.03390302
1541856121836,0,0,0,0.018020526,0.017104227,-0.03390302
1541856121856,0,0,0,-0.016798794,0.07086037,-0.027488936
1541856121877,0,0,0,-0.008857546,0.092240654,-0.02443461
1541856121896,0,0,0,0.0106901415,0.12980886,-0.009468411
1541856121917,0,0,0,0.0067195175,0.124005646,-0.0015271631
1541856121936,0,0,0,-0.0030543262,0.105068825,0.0027488936
1541856121956,0,0,0,0.0027488936,0.11911872,0.013133603
1541856121978,0,0,0,0.01740966,0.15607607,0.02076942
1541856121998,0,0,0,-0.005497787,0.16187929,0.016493361
1541856122018,0,0,0,-0.0061086523,0.13164146,-0.0030543262
1541856122038,0,0,0,-0.008552114,0.080634214,-0.017715093
1541856122057,0,0,0,-0.017104227,0.03940081,-0.035430185
1541856122077,0,0,0,0.013744468,0.02076942,-0.0421497
1541856122097,0,0,0,0.030543262,0.025350908,-0.029626964
1541856122118,0,0,0,0.0061086523,0.058643065,-0.019242255
1541856122137,0,0,0,-0.029626964,0.046731193,-0.021991149
1541856122157,0,0,0,-0.04184427,0.010079277,-0.019547688
1541856122178,0,0,0,-0.043982297,0.0012217305,-0.01740966
1541856122197,0,0,0,-0.03481932,0.01740966,-0.035124753
1541856122217,0,0,0,-0.022296581,-0.018325957,-0.02565634
1541856122239,0,0,0,0.21838433,-0.0571159,-0.059864793
1541856122258,0,0,0,0.23273966,0.14660765,-0.0571159
1541856122281,0,0,0,-0.1301143,0.20769419,-0.08124508
1541856122300,0,0,0,-0.3903429,-0.17287487,-0.082161374
1541856122319,0,0,0,-0.45570546,-0.49418998,-0.11484267
1541856122339,0,0,0,-0.40683624,-0.5873469,-0.12675454
1541856122359,0,0,0,-0.13988814,-0.48563787,-0.1301143
1541856122377,0,0,0,0.06963864,-0.19792034,-0.11728613
1541856122397,0,0,0,0.19242255,0.09193522,-0.14569137
1541856122417,0,0,0,0.21197024,0.29046643,-0.20189096
1541856122437,0,0,0,0.093767814,0.2929099,-0.19639318
1541856122457,0,0,0,-0.13927728,0.08979719,-0.118202426
1541856122478,0,0,0,-0.23365596,-0.18845193,-0.03970624
1541856122497,0,0,0,-0.13713925,-0.24923302,-0.061086524
1541856122516,0,0,0,-0.02443461,-0.014660766,-0.06719518
1541856122537,0,0,0,0.05375614,0.20952678,-0.037873644
1541856122557,0,0,0,0.03756821,0.3118467,-0.03573562
1541856122578,0,0,0,-0.021380283,0.21685717,-0.049785517
1541856122597,0,0,0,-0.07849618,0.10629055,-0.06047566
1541856122617,0,0,0,-0.14630222,0.079107046,-0.05467244
1541856122637,0,0,0,-0.14721853,0.06780604,-0.06841691
1541856122658,0,0,0,-0.15302174,0.0870483,-0.081855945
1541856122677,0,0,0,-0.1386664,0.025045475,-0.080634214
1541856122697,0,0,0,-0.05100725,-0.07788532,-0.055588737
1541856122717,0,0,0,0.084910266,-0.024740042,-0.07360926
1541856122737,0,0,0,0.16462818,0.14508049,-0.07971791
1541856122758,0,0,0,0.109650314,0.28130344,-0.1001819
1541856122778,0,0,0,-0.013133603,0.15454891,-0.12064589
1541856122797,0,0,0,-0.10293079,-0.08307768,-0.11942416
1541856122818,0,0,0,-0.13561209,-0.17256944,-0.092240654
1541856122838,0,0,0,-0.11575896,-0.11056661,-0.052534413
1541856122865,0,0,0,-0.04917465,-0.019547688,-0.059253927
1541856122880,0,0,0,-0.03268129,0.092240654,-0.06658431
1541856122899,0,0,0,-0.07360926,0.07819075,-0.09193522
1541856122918,0,0,0,-0.111177474,-0.05955936,-0.07696902
1541856122938,0,0,0,-0.03145956,-0.1826487,-0.03634648
1541856122957,0,0,0,0.036957346,-0.022907447,-0.013744468
1541856122977,0,0,0,-0.008552114,0.112704635,-0.019242255
1541856122997,0,0,0,-0.013744468,0.015882496,-0.026572637
1541856123017,0,0,0,-0.036957346,-0.055588737,-0.027183503
1541856123039,0,0,0,-0.0030543262,-0.12461651,-0.022602014
1541856123059,0,0,0,0.03604105,-0.07666359,-0.015882496
1541856123078,0,0,0,-0.10751228,0.04062254,0.026572637
1541856123097,0,0,0,-0.31398472,-0.09254608,0.081855945
1541856123129,0,0,0,-0.5143485,-0.3811799,0.17134771
1541856123137,0,0,0,-0.44409904,-0.7461719,0.22785273
1541856123158,0,0,0,-0.16890424,-0.73914695,0.24190263
1541856123178,0,0,0,0.10140363,-0.3933972,0.2049453
1541856123197,0,0,0,0.46486846,0.003970624,0.116980694
1541856123217,0,0,0,0.818254,0.2415972,0.018325957
1541856123237,0,0,0,1.0671816,0.56382865,-0.05955936
1541856123257,0,0,0,1.0580186,0.8680395,-0.10873401
1541856123281,0,0,0,0.8970556,1.0601566,-0.16462818
1541856123298,0,0,0,0.54153204,1.1325442,-0.17195857
1541856123318,0,0,0,0.24220806,0.7837401,-0.1423316
1541856123338,0,0,0,-0.0021380284,0.3830125,-0.1133155
1541856123357,0,0,0,-0.023823744,0.0036651916,-0.10293079
1541856123380,0,0,0,0.038789943,-0.04184427,-0.08674286
1541856123398,0,0,0,0.08032878,0.096516706,-0.101098195
1541856123418,0,0,0,0.105374254,0.20158553,-0.14813483
1541856123437,0,0,0,0.07696902,0.24312437,-0.1554652
1541856123458,0,0,0,0.0290161,0.2125811,-0.13836098
1541856123480,0,0,0,0.05589417,0.1469131,-0.11789699
1541856123497,0,0,0,0.092240654,0.12797627,-0.10995574
1541856123518,0,0,0,0.073303826,0.11759156,-0.10415252
1541856123537,0,0,0,0.043066,0.074830994,-0.10445796
1541856123557,0,0,0,-0.0106901415,0.04550946,-0.08582657
1541856123578,0,0,0,-0.018936822,0.0027488936,-0.06414085
1541856123597,0,0,0,0.044898596,0.023823744,-0.07360926
1541856123618,0,0,0,0.054061573,0.050701816,-0.07086037
1541856123637,0,0,0,0.028710667,0.025350908,-0.057421334
1541856123657,0,0,0,0.012217305,0.0076358155,-0.05497787
1541856123680,0,0,0,0.008857546,-0.0027488936,-0.054367006
1541856123699,0,0,0,-0.022907447,0.01160644,-0.040927973
1541856123718,0,0,0,-0.043676864,0.010079277,-0.03970624
1541856123738,0,0,0,-0.0030543262,-0.018325957,-0.055588737
1541856123764,0,0,0,0.016187929,-0.012217305,-0.05131268
1541856123779,0,0,0,0.025045475,0.014966198,-0.055588737
1541856123797,0,0,0,0.005192355,0.043676864,-0.06383542
1541856123817,0,0,0,-0.036651913,0.046731193,-0.05131268
1541856123838,0,0,0,-0.059253927,-0.02107485,-0.06536258
1541856123857,0,0,0,-0.0143553335,-0.07086037,-0.07391469
1541856123882,0,0,0,0.01740966,-0.043066,-0.06291912
1541856123897,0,0,0,0.023823744,0.009468411,-0.062308256
1541856123918,0,0,0,0.038179077,0.06658431,-0.07544186
1541856123937,0,0,0,0.0067195175,0.054061573,-0.0729984
1541856123958,0,0,0,-0.013439035,0.011911872,-0.05955936
1541856123978,0,0,0,0.009773844,3.0543262E-4,-0.059253927
1541856123998,0,0,0,0.039095376,0.02076942,-0.07269296
1541856124018,0,0,0,0.016493361,0.058643065,-0.08124508
1541856124038,0,0,0,0.013133603,0.07819075,-0.08002335
1541856124058,0,0,0,0.005192355,0.052534413,-0.061391957
1541856124078,0,0,0,-0.007941248,0.027488936,-0.05100725
1541856124098,0,0,0,-0.008857546,0.039095376,-0.04184427
1541856124118,0,0,0,0.030543262,0.03970624,-0.055283304
1541856124138,0,0,0,0.054367006,0.04337143,-0.067500606
1541856124158,0,0,0,0.034513887,0.030848695,-0.06719518
1541856124180,0,0,0,0.046731193,0.011911872,-0.0729984
1541856124198,0,0,0,0.027183503,-0.0027488936,-0.06047566
1541856124219,0,0,0,0.0021380284,-0.0125227375,-0.04734206
1541856124239,0,0,0,0.0290161,0.0033597588,-0.050701816
1541856124258,0,0,0,0.06352998,0.038789943,-0.062308256
1541856124279,0,0,0,0.03940081,0.056505036,-0.07422013
1541856124301,0,0,0,0.040317107,0.018936822,-0.076358154
1541856124318,0,0,0,0.04886922,3.0543262E-4,-0.07422013
1541856124339,0,0,0,0.028405234,0.014049901,-0.061391957
1541856124358,0,0,0,0.02687807,0.028710667,-0.053450707
1541856124380,0,0,0,0.025045475,0.018020526,-0.065973446
1541856124399,0,0,0,0.010995574,0.009162978,-0.06536258
1541856124419,0,0,0,0.027794369,-0.00580322,-0.070249505
1541856124438,0,0,0,0.058643065,-0.0030543262,-0.08307768
1541856124459,0,0,0,0.079107046,0.0033597588,-0.08979719
1541856124480,0,0,0,0.02565634,0.005192355,-0.10934488
1541856124499,0,0,0,0.032070424,0.109650314,-0.05100725
1541856124520,0,0,0,0.029321533,0.15790866,-0.03481932
1541856124550,0,0,0,-0.08307768,-0.032070424,-0.035124753
1541856124560,0,0,0,-0.044898596,-0.14110987,-0.033292156
1541856124579,0,0,0,0.086132,-0.06414085,-0.032986723
1541856124677,0,0,0,0.0729984,0.08827003,-0.034513887
1541856124681,0,0,0,-0.0027488936,0.118507855,-0.0290161
1541856124684,0,0,0,-0.05681047,0.020158553,-0.016493361
1541856124687,0,0,0,-0.03848451,-0.03573562,-0.01038471
1541856124690,0,0,0,0.046731193,-0.018936822,-0.01863139
1541856124742,0,0,0,0.056199603,0.02687807,-0.03756821
1541856124747,0,0,0,-0.010995574,0.02107485,-0.026267206
1541856124750,0,0,0,-0.022907447,-0.011301007,-0.018325957
1541856124786,0,0,0,0.0018325958,-0.00580322,-0.012217305
1541856124791,0,0,0,0.023518313,0.0125227375,-0.007941248
1541856124800,0,0,0,0.0030543262,0.053145275,-0.008552114
1541856124819,0,0,0,0.014966198,0.04734206,-0.023823744
1541856124838,0,0,0,-0.0033597588,0.0143553335,-0.036957346
1541856124860,0,0,0,0.0027488936,-0.030848695,-0.040317107
1541856124879,0,0,0,0.043982297,-0.021685716,-0.043982297
1541856124899,0,0,0,0.045814894,0.038179077,-0.04917465
1541856124919,0,0,0,-0.004581489,0.06414085,-0.048563786
1541856124938,0,0,0,-0.034513887,0.025961773,-0.037873644
1541856124959,0,0,0,-0.03390302,0.0070249503,-0.03634648
1541856124980,0,0,0,-0.016493361,0.011911872,-0.03481932
1541856124999,0,0,0,0.04642576,0.028099801,-0.044898596
1541856125019,0,0,0,0.05467244,0.04550946,-0.04184427
1541856125038,0,0,0,-0.0061086523,0.057421334,-0.032070424
1541856125059,0,0,0,-0.025350908,0.03940081,-0.03573562
1541856125080,0,0,0,-0.002443461,0.020158553,-0.042455133
1541856125100,0,0,0,0.0143553335,0.010079277,-0.028405234
1541856125119,0,0,0,0.02076942,0.030848695,-0.0290161
1541856125139,0,0,0,0.03359759,0.06078109,-0.034208454
1541856125159,0,0,0,0.0143553335,0.06627888,-0.03940081
1541856125179,0,0,0,-0.016493361,0.040011674,-0.02565634
1541856125199,0,0,0,-0.009162978,0.013439035,-0.021685716
1541856125220,0,0,0,0.022296581,0.021380283,-0.03023783
1541856125239,0,0,0,0.0061086523,0.03756821,-0.036957346
1541856125259,0,0,0,0.020158553,0.050701816,-0.05681047
1541856125279,0,0,0,0.03268129,0.040011674,-0.04550946
1541856125308,0,0,0,0.02321288,0.015882496,-0.044593163
1541856125322,0,0,0,0.02565634,-0.0015271631,-0.048258353
1541856125339,0,0,0,0.022907447,0.008552114,-0.05100725
1541856125359,0,0,0,0.009773844,0.04550946,-0.034513887
1541856125381,0,0,0,0.0061086523,0.044898596,-0.04062254
1541856125413,0,0,0,0.017104227,0.03573562,-0.048258353
1541856125427,0,0,0,0.0067195175,0.030848695,-0.055588737
1541856125440,0,0,0,-0.0012217305,0.03940081,-0.04184427
1541856125459,0,0,0,0.024129177,0.03359759,-0.046120327
1541856125480,0,0,0,0.006414085,0.03268129,-0.065973446
1541856125500,0,0,0,-0.015271631,0.04550946,-0.05131268
1541856125520,0,0,0,0.03726278,0.041233405,-0.035430185
1541856125540,0,0,0,0.03359759,0.024740042,-0.018325957
1541856125560,0,0,0,-0.029626964,0.0030543262,-0.029932396
1541856125581,0,0,0,-0.016493361,0.008246681,-0.029932396
1541856125605,0,0,0,0.0033597588,0.03756821,-0.04184427
1541856125625,0,0,0,-0.032375857,0.016798794,-0.043982297
1541856125643,0,0,0,-0.056505036,-0.021380283,-0.03023783
1541856125661,0,0,0,-0.07666359,-0.023518313,-0.008552114
1541856125682,0,0,0,-0.118202426,-0.03176499,0.0106901415
1541856125708,0,0,0,-0.113926366,-0.041233405,0.013439035
1541856125723,0,0,0,-0.029626964,-0.032375857,-6.1086525E-4
1541856125745,0,0,0,-0.008552114,0.008857546,-0.0125227375
1541856125774,0,0,0,-0.04795292,0.027794369,-0.009162978
1541856125784,0,0,0,-0.08277224,0.031154128,9.162979E-4
1541856125811,0,0,0,-0.12003502,6.1086525E-4,0.0070249503
1541856125830,0,0,0,-0.12461651,-0.03634648,-0.007330383
1541856125842,0,0,0,-0.05375614,-0.04337143,-0.03023783
1541856125860,0,0,0,0.004886922,-0.029626964,-0.03970624
1541856125881,0,0,0,-0.01160644,-0.0015271631,-0.02565634
1541856125901,0,0,0,-0.04337143,-0.0015271631,-0.030543262
1541856125926,0,0,0,-0.040317107,-0.0143553335,-0.034513887
1541856125944,0,0,0,-0.027488936,-0.04184427,-0.054061573
1541856125961,0,0,0,0.0033597588,-0.0580322,-0.065973446
1541856125991,0,0,0,-0.045814894,-0.074830994,-0.058948494
1541856126015,0,0,0,0.21563543,-0.17012598,-0.08827003
1541856126021,0,0,0,0.32345316,0.16676621,-0.06047566
1541856126054,0,0,0,-0.047036625,0.57971114,-0.035124753
1541856126077,0,0,0,-0.34300083,0.2180789,0.009773844
1541856126085,0,0,0,-0.29352075,-0.4297437,0.016798794
